/*--------------------------------*- C++ -*----------------------------------*\
| =========                 |                                                 |
| \\      /  F ield         | OpenFOAM: The Open Source CFD Toolbox           |
|  \\    /   O peration     | Version:  2412                                  |
|   \\  /    A nd           | Website:  www.openfoam.com                      |
|    \\/     M anipulation  |                                                 |
\*---------------------------------------------------------------------------*/
FoamFile
{
    version     2.0;
    format      ascii;
    arch        "LSB;label=32;scalar=64";
    class       volVectorField;
    location    "100";
    object      U;
}
// * * * * * * * * * * * * * * * * * * * * * * * * * * * * * * * * * * * * * //

dimensions      [0 1 -1 0 0 0 0];

internalField   nonuniform List<vector> 
4000
(
(0.0008769 5.93306e-05 0)
(0.000797323 8.12044e-05 0)
(0.00066999 6.3439e-05 0)
(0.000546123 4.17117e-05 0)
(0.000453626 2.48379e-05 0)
(0.000388422 1.45996e-05 0)
(0.000341209 8.25897e-06 0)
(0.000307063 4.59827e-06 0)
(0.000282394 2.63531e-06 0)
(0.000264226 1.61642e-06 0)
(0.000250454 1.08756e-06 0)
(0.000239705 8.0652e-07 0)
(0.000231086 6.47816e-07 0)
(0.000224009 5.49048e-07 0)
(0.000218082 4.80903e-07 0)
(0.000213035 4.29703e-07 0)
(0.000208676 3.89057e-07 0)
(0.000204865 3.55757e-07 0)
(0.000201497 3.27952e-07 0)
(0.000198493 3.04371e-07 0)
(0.000195789 2.84086e-07 0)
(0.000193336 2.66418e-07 0)
(0.000191098 2.50849e-07 0)
(0.000189042 2.36967e-07 0)
(0.000187143 2.24455e-07 0)
(0.000185382 2.13068e-07 0)
(0.000183742 2.02619e-07 0)
(0.000182209 1.92964e-07 0)
(0.000180771 1.83989e-07 0)
(0.000179419 1.75609e-07 0)
(0.000178145 1.67755e-07 0)
(0.000176942 1.60372e-07 0)
(0.000175803 1.53414e-07 0)
(0.000174723 1.46846e-07 0)
(0.000173698 1.40634e-07 0)
(0.000172724 1.34754e-07 0)
(0.000171796 1.2918e-07 0)
(0.000170913 1.23893e-07 0)
(0.00017007 1.18874e-07 0)
(0.000169266 1.14104e-07 0)
(0.000168497 1.09568e-07 0)
(0.000167763 1.05251e-07 0)
(0.00016706 1.0114e-07 0)
(0.000166387 9.72221e-08 0)
(0.000165742 9.34861e-08 0)
(0.000165124 8.99212e-08 0)
(0.000164532 8.65181e-08 0)
(0.000163964 8.32678e-08 0)
(0.000163418 8.01632e-08 0)
(0.000162894 7.71969e-08 0)
(0.000162391 7.43639e-08 0)
(0.000161908 7.16578e-08 0)
(0.000161443 6.9075e-08 0)
(0.000160996 6.66094e-08 0)
(0.000160566 6.42593e-08 0)
(0.000160152 6.20188e-08 0)
(0.000159753 5.98883e-08 0)
(0.00015937 5.78617e-08 0)
(0.000159 5.59395e-08 0)
(0.000158644 5.4112e-08 0)
(0.000158301 5.23761e-08 0)
(0.000157971 5.07151e-08 0)
(0.000157654 4.91199e-08 0)
(0.000157348 4.75673e-08 0)
(0.000157054 4.6044e-08 0)
(0.000156773 4.45239e-08 0)
(0.000156503 4.29927e-08 0)
(0.000156245 4.14259e-08 0)
(0.000156 3.98102e-08 0)
(0.000155767 3.81272e-08 0)
(0.000155547 3.63691e-08 0)
(0.000155339 3.4531e-08 0)
(0.000155145 3.26165e-08 0)
(0.000154963 3.06396e-08 0)
(0.000154794 2.86161e-08 0)
(0.000154638 2.6575e-08 0)
(0.000154494 2.45364e-08 0)
(0.000154361 2.25367e-08 0)
(0.00015424 2.05936e-08 0)
(0.000154129 1.87449e-08 0)
(0.000154027 1.70015e-08 0)
(0.000153934 1.5397e-08 0)
(0.000153848 1.39308e-08 0)
(0.000153769 1.26278e-08 0)
(0.000153697 1.14742e-08 0)
(0.000153629 1.04846e-08 0)
(0.000153566 9.63357e-09 0)
(0.000153506 8.92733e-09 0)
(0.000153449 8.33295e-09 0)
(0.000153395 7.8539e-09 0)
(0.000153343 7.45642e-09 0)
(0.000153293 7.14492e-09 0)
(0.000153244 6.88687e-09 0)
(0.000153196 6.68864e-09 0)
(0.000153149 6.52171e-09 0)
(0.000153103 6.39737e-09 0)
(0.000153058 6.29333e-09 0)
(0.000153013 6.22447e-09 0)
(0.000152969 6.16851e-09 0)
(0.000152925 6.13491e-09 0)
(0.000152882 6.09668e-09 0)
(0.000152839 6.06342e-09 0)
(0.000152796 6.01565e-09 0)
(0.000152754 5.97133e-09 0)
(0.000152713 5.91657e-09 0)
(0.000152671 5.86967e-09 0)
(0.000152631 5.8155e-09 0)
(0.00015259 5.76915e-09 0)
(0.00015255 5.71127e-09 0)
(0.000152511 5.65369e-09 0)
(0.000152472 5.57866e-09 0)
(0.000152433 5.50662e-09 0)
(0.000152394 5.42986e-09 0)
(0.000152355 5.3788e-09 0)
(0.000152317 5.34593e-09 0)
(0.000152279 5.35425e-09 0)
(0.000152241 5.37166e-09 0)
(0.000152202 5.39587e-09 0)
(0.000152165 5.39201e-09 0)
(0.000152127 5.3557e-09 0)
(0.000152089 5.28583e-09 0)
(0.000152051 5.21348e-09 0)
(0.000152014 5.15872e-09 0)
(0.000151976 5.10189e-09 0)
(0.000151939 5.02802e-09 0)
(0.000151902 4.93184e-09 0)
(0.000151865 4.80263e-09 0)
(0.000151828 4.71458e-09 0)
(0.000151791 4.65561e-09 0)
(0.000151754 4.61295e-09 0)
(0.000151717 4.58258e-09 0)
(0.00015168 4.59197e-09 0)
(0.000151642 4.62708e-09 0)
(0.000151602 4.7289e-09 0)
(0.000151562 4.89958e-09 0)
(0.00015152 5.20076e-09 0)
(0.000151477 5.58867e-09 0)
(0.000151432 6.07891e-09 0)
(0.000151385 6.67906e-09 0)
(0.000151336 7.25455e-09 0)
(0.000151286 7.71205e-09 0)
(0.000151236 8.00153e-09 0)
(0.000151185 8.14109e-09 0)
(0.000151135 8.15023e-09 0)
(0.000151085 7.92721e-09 0)
(0.000151037 7.51201e-09 0)
(0.000150991 7.07843e-09 0)
(0.000150948 7.25409e-09 0)
(0.000150907 8.10056e-09 0)
(0.000150869 8.38155e-09 0)
(0.000150835 8.25008e-09 0)
(0.000150807 7.3126e-09 0)
(0.000150785 6.5218e-09 0)
(0.000150764 6.06885e-09 0)
(0.000150743 4.83107e-09 0)
(0.000150722 3.9099e-09 0)
(0.000150703 2.78913e-09 0)
(0.000150691 1.4713e-09 0)
(0.000150684 1.42175e-09 0)
(0.000150681 2.88126e-09 0)
(0.000150677 3.68878e-09 0)
(0.000150678 2.75104e-09 0)
(0.000150679 1.78006e-09 0)
(0.000150682 2.91054e-09 0)
(0.000150684 3.22525e-09 0)
(0.000150688 9.17216e-10 0)
(0.000150697 -7.46166e-10 0)
(0.000150711 -2.16702e-09 0)
(0.000150727 -3.52377e-09 0)
(0.000150745 -4.56296e-09 0)
(0.000150764 -5.37133e-09 0)
(0.000150784 -4.91333e-09 0)
(0.000150802 -3.51968e-09 0)
(0.000150818 -2.50494e-09 0)
(0.000150833 -2.14425e-09 0)
(0.000150849 -1.72993e-09 0)
(0.000150864 -9.17017e-10 0)
(0.000150878 -8.50237e-10 0)
(0.000150892 -1.50949e-09 0)
(0.000150902 -2.27873e-09 0)
(0.00015091 -2.72005e-09 0)
(0.000150918 -2.25365e-09 0)
(0.000150924 -4.69688e-10 0)
(0.000150926 1.00418e-09 0)
(0.000150928 3.12504e-10 0)
(0.00015093 4.98406e-10 0)
(0.000150933 4.51839e-10 0)
(0.000150933 -3.82932e-10 0)
(0.000150931 -1.36452e-09 0)
(0.000150928 -4.15438e-10 0)
(0.000150927 3.8108e-10 0)
(0.000150928 -1.8166e-09 0)
(0.000150929 -2.73032e-09 0)
(0.000150924 -5.63534e-10 0)
(0.00015092 3.46894e-10 0)
(0.000150915 2.7646e-10 0)
(0.000150904 2.09121e-09 0)
(0.000150896 3.39917e-09 0)
(0.000150892 1.82838e-09 0)
(0.000150887 1.62356e-09 0)
(0.00100692 9.96357e-05 0)
(0.00105651 0.000169966 0)
(0.00104727 0.000170211 0)
(0.00101296 0.000155698 0)
(0.000954949 0.000127511 0)
(0.000898038 9.97722e-05 0)
(0.000842668 7.54919e-05 0)
(0.000792372 5.64019e-05 0)
(0.000748702 4.22368e-05 0)
(0.000711638 3.20493e-05 0)
(0.000680494 2.48003e-05 0)
(0.000654387 1.96276e-05 0)
(0.000632439 1.58859e-05 0)
(0.000613871 1.31248e-05 0)
(0.000598034 1.10429e-05 0)
(0.000584404 9.4391e-06 0)
(0.000572566 8.17967e-06 0)
(0.000562194 7.17387e-06 0)
(0.000553027 6.35874e-06 0)
(0.000544861 5.68921e-06 0)
(0.000537531 5.13242e-06 0)
(0.000530908 4.66412e-06 0)
(0.000524886 4.26607e-06 0)
(0.000519378 3.92437e-06 0)
(0.000514316 3.62826e-06 0)
(0.00050964 3.36939e-06 0)
(0.000505305 3.1412e-06 0)
(0.000501269 2.93849e-06 0)
(0.0004975 2.75714e-06 0)
(0.000493969 2.59382e-06 0)
(0.000490653 2.44587e-06 0)
(0.000487531 2.31112e-06 0)
(0.000484586 2.18778e-06 0)
(0.000481801 2.07439e-06 0)
(0.000479165 1.96974e-06 0)
(0.000476665 1.87281e-06 0)
(0.000474291 1.78274e-06 0)
(0.000472034 1.69881e-06 0)
(0.000469885 1.6204e-06 0)
(0.000467837 1.54697e-06 0)
(0.000465884 1.47806e-06 0)
(0.00046402 1.41327e-06 0)
(0.000462239 1.35224e-06 0)
(0.000460536 1.29465e-06 0)
(0.000458907 1.24024e-06 0)
(0.000457348 1.18876e-06 0)
(0.000455854 1.13999e-06 0)
(0.000454423 1.09373e-06 0)
(0.000453051 1.04981e-06 0)
(0.000451734 1.00808e-06 0)
(0.000450471 9.68395e-07 0)
(0.000449259 9.30625e-07 0)
(0.000448094 8.94657e-07 0)
(0.000446975 8.60381e-07 0)
(0.0004459 8.27693e-07 0)
(0.000444866 7.96491e-07 0)
(0.000443872 7.66674e-07 0)
(0.000442917 7.38137e-07 0)
(0.000441997 7.10766e-07 0)
(0.000441114 6.84437e-07 0)
(0.000440264 6.59013e-07 0)
(0.000439447 6.34336e-07 0)
(0.000438663 6.10242e-07 0)
(0.00043791 5.86552e-07 0)
(0.000437189 5.63093e-07 0)
(0.0004365 5.39694e-07 0)
(0.000435841 5.16212e-07 0)
(0.000435214 4.92528e-07 0)
(0.000434618 4.68569e-07 0)
(0.000434054 4.44298e-07 0)
(0.000433522 4.19737e-07 0)
(0.000433022 3.94958e-07 0)
(0.000432554 3.70092e-07 0)
(0.000432118 3.45317e-07 0)
(0.000431712 3.20852e-07 0)
(0.000431336 2.96942e-07 0)
(0.00043099 2.73834e-07 0)
(0.00043067 2.51772e-07 0)
(0.000430377 2.30969e-07 0)
(0.000430108 2.11609e-07 0)
(0.00042986 1.93825e-07 0)
(0.000429632 1.77712e-07 0)
(0.000429422 1.63302e-07 0)
(0.000429228 1.5059e-07 0)
(0.000429048 1.39514e-07 0)
(0.000428879 1.29987e-07 0)
(0.00042872 1.21879e-07 0)
(0.000428569 1.15055e-07 0)
(0.000428426 1.09351e-07 0)
(0.000428289 1.04619e-07 0)
(0.000428157 1.00703e-07 0)
(0.000428029 9.74737e-08 0)
(0.000427904 9.48001e-08 0)
(0.000427783 9.25833e-08 0)
(0.000427664 9.07237e-08 0)
(0.000427547 8.91558e-08 0)
(0.000427432 8.78142e-08 0)
(0.000427318 8.66648e-08 0)
(0.000427207 8.56634e-08 0)
(0.000427096 8.47787e-08 0)
(0.000426987 8.39567e-08 0)
(0.000426878 8.31603e-08 0)
(0.000426771 8.23491e-08 0)
(0.000426666 8.15167e-08 0)
(0.000426561 8.06587e-08 0)
(0.000426457 7.97984e-08 0)
(0.000426355 7.89521e-08 0)
(0.000426254 7.81523e-08 0)
(0.000426154 7.74085e-08 0)
(0.000426054 7.67346e-08 0)
(0.000425956 7.61183e-08 0)
(0.000425858 7.55681e-08 0)
(0.00042576 7.50758e-08 0)
(0.000425663 7.46707e-08 0)
(0.000425567 7.43513e-08 0)
(0.00042547 7.41561e-08 0)
(0.000425374 7.40398e-08 0)
(0.000425278 7.39798e-08 0)
(0.000425182 7.39057e-08 0)
(0.000425086 7.37482e-08 0)
(0.000424991 7.35223e-08 0)
(0.000424896 7.32646e-08 0)
(0.0004248 7.30977e-08 0)
(0.000424705 7.29066e-08 0)
(0.000424609 7.26968e-08 0)
(0.000424513 7.23528e-08 0)
(0.000424418 7.18799e-08 0)
(0.000424323 7.16531e-08 0)
(0.000424227 7.17761e-08 0)
(0.000424131 7.21811e-08 0)
(0.000424033 7.28829e-08 0)
(0.000423934 7.39621e-08 0)
(0.000423833 7.53902e-08 0)
(0.00042373 7.7247e-08 0)
(0.000423624 7.95278e-08 0)
(0.000423514 8.2405e-08 0)
(0.000423402 8.56656e-08 0)
(0.000423285 8.91771e-08 0)
(0.000423165 9.28068e-08 0)
(0.000423043 9.60012e-08 0)
(0.000422918 9.82749e-08 0)
(0.000422793 9.9194e-08 0)
(0.000422668 9.86548e-08 0)
(0.000422546 9.69558e-08 0)
(0.000422428 9.40211e-08 0)
(0.000422313 8.97925e-08 0)
(0.000422205 8.43269e-08 0)
(0.000422104 7.93307e-08 0)
(0.000422008 7.59141e-08 0)
(0.00042192 7.148e-08 0)
(0.00042184 6.56038e-08 0)
(0.000421774 5.59437e-08 0)
(0.000421722 4.96398e-08 0)
(0.000421672 4.73044e-08 0)
(0.000421624 4.28956e-08 0)
(0.00042158 3.7518e-08 0)
(0.000421539 2.78447e-08 0)
(0.000421524 1.61536e-08 0)
(0.000421525 5.96472e-09 0)
(0.000421525 5.81418e-09 0)
(0.00042152 5.18576e-09 0)
(0.000421523 -7.58735e-10 0)
(0.000421529 -4.68553e-09 0)
(0.000421548 -2.31345e-09 0)
(0.000421567 -2.23274e-09 0)
(0.000421588 -1.06922e-08 0)
(0.000421618 -1.9297e-08 0)
(0.000421654 -2.70634e-08 0)
(0.000421695 -3.27511e-08 0)
(0.00042174 -3.73244e-08 0)
(0.000421786 -4.19869e-08 0)
(0.000421832 -4.10798e-08 0)
(0.000421875 -3.60717e-08 0)
(0.000421915 -3.31033e-08 0)
(0.000421955 -3.22739e-08 0)
(0.000421993 -3.00343e-08 0)
(0.000422029 -2.56142e-08 0)
(0.000422061 -2.23805e-08 0)
(0.000422092 -1.99494e-08 0)
(0.000422111 -1.8106e-08 0)
(0.000422129 -1.73793e-08 0)
(0.000422153 -1.64139e-08 0)
(0.000422163 -1.07881e-08 0)
(0.000422169 -6.24867e-09 0)
(0.000422179 -8.46283e-09 0)
(0.000422186 -5.05341e-09 0)
(0.000422203 -9.38043e-10 0)
(0.000422206 -7.83991e-10 0)
(0.000422205 -1.1508e-09 0)
(0.000422206 1.88961e-09 0)
(0.000422208 4.83125e-09 0)
(0.000422201 2.77504e-09 0)
(0.000422191 2.40639e-09 0)
(0.000422161 9.07169e-09 0)
(0.000422143 1.22939e-08 0)
(0.000422136 1.12098e-08 0)
(0.000422118 1.28907e-08 0)
(0.000422109 1.11885e-08 0)
(0.000422102 2.41651e-09 0)
(0.000422085 4.07001e-09 0)
(0.00100229 5.82006e-05 0)
(0.00105403 0.000126871 0)
(0.00109158 0.000146964 0)
(0.00111161 0.000147489 0)
(0.00111268 0.000142172 0)
(0.00110426 0.000129506 0)
(0.0010854 0.000113079 0)
(0.00106098 9.64121e-05 0)
(0.00103407 8.11612e-05 0)
(0.00100682 6.79417e-05 0)
(0.0009806 5.68318e-05 0)
(0.000956144 4.76952e-05 0)
(0.000933768 4.02664e-05 0)
(0.00091353 3.42503e-05 0)
(0.000895335 2.93785e-05 0)
(0.000879018 2.54201e-05 0)
(0.000864382 2.21875e-05 0)
(0.000851233 1.95316e-05 0)
(0.000839384 1.73347e-05 0)
(0.000828669 1.55035e-05 0)
(0.000818941 1.39651e-05 0)
(0.000810073 1.26622e-05 0)
(0.000801956 1.155e-05 0)
(0.000794496 1.0593e-05 0)
(0.000787614 9.76312e-06 0)
(0.000781243 9.03808e-06 0)
(0.000775323 8.4e-06 0)
(0.000769807 7.83457e-06 0)
(0.000764652 7.33024e-06 0)
(0.000759821 6.87764e-06 0)
(0.000755283 6.46916e-06 0)
(0.000751011 6.09853e-06 0)
(0.000746982 5.76061e-06 0)
(0.000743174 5.45114e-06 0)
(0.00073957 5.16658e-06 0)
(0.000736154 4.90393e-06 0)
(0.000732911 4.66071e-06 0)
(0.000729829 4.43477e-06 0)
(0.000726897 4.2243e-06 0)
(0.000724104 4.02774e-06 0)
(0.000721442 3.84375e-06 0)
(0.000718902 3.67116e-06 0)
(0.000716476 3.50893e-06 0)
(0.000714159 3.35619e-06 0)
(0.000711943 3.21212e-06 0)
(0.000709822 3.07605e-06 0)
(0.000707792 2.94734e-06 0)
(0.000705848 2.82545e-06 0)
(0.000703985 2.70987e-06 0)
(0.000702198 2.60016e-06 0)
(0.000700485 2.49592e-06 0)
(0.000698841 2.39678e-06 0)
(0.000697263 2.3024e-06 0)
(0.000695748 2.21247e-06 0)
(0.000694293 2.12667e-06 0)
(0.000692896 2.04471e-06 0)
(0.000691554 1.96628e-06 0)
(0.000690264 1.89106e-06 0)
(0.000689025 1.81873e-06 0)
(0.000687836 1.74892e-06 0)
(0.000686694 1.68128e-06 0)
(0.000685599 1.6154e-06 0)
(0.00068455 1.55087e-06 0)
(0.000683546 1.4873e-06 0)
(0.000682586 1.42427e-06 0)
(0.000681671 1.36145e-06 0)
(0.0006808 1.29853e-06 0)
(0.000679973 1.23533e-06 0)
(0.000679191 1.17175e-06 0)
(0.000678453 1.1078e-06 0)
(0.00067776 1.04363e-06 0)
(0.00067711 9.79503e-07 0)
(0.000676503 9.15787e-07 0)
(0.000675938 8.52943e-07 0)
(0.000675415 7.91507e-07 0)
(0.00067493 7.32044e-07 0)
(0.000674483 6.75122e-07 0)
(0.000674071 6.21256e-07 0)
(0.000673692 5.70899e-07 0)
(0.000673342 5.24394e-07 0)
(0.00067302 4.81985e-07 0)
(0.000672721 4.43785e-07 0)
(0.000672445 4.09805e-07 0)
(0.000672187 3.79929e-07 0)
(0.000671946 3.53967e-07 0)
(0.000671719 3.31638e-07 0)
(0.000671504 3.12624e-07 0)
(0.0006713 2.96558e-07 0)
(0.000671104 2.83074e-07 0)
(0.000670915 2.71796e-07 0)
(0.000670733 2.62383e-07 0)
(0.000670557 2.54513e-07 0)
(0.000670385 2.47918e-07 0)
(0.000670216 2.42347e-07 0)
(0.000670052 2.37601e-07 0)
(0.00066989 2.33499e-07 0)
(0.000669731 2.29911e-07 0)
(0.000669575 2.26724e-07 0)
(0.00066942 2.23869e-07 0)
(0.000669268 2.21269e-07 0)
(0.000669118 2.18856e-07 0)
(0.000668969 2.1654e-07 0)
(0.000668823 2.14258e-07 0)
(0.000668678 2.11953e-07 0)
(0.000668534 2.0963e-07 0)
(0.000668393 2.07315e-07 0)
(0.000668253 2.05076e-07 0)
(0.000668114 2.02977e-07 0)
(0.000667977 2.01092e-07 0)
(0.000667841 1.99457e-07 0)
(0.000667705 1.98073e-07 0)
(0.000667571 1.96906e-07 0)
(0.000667437 1.95902e-07 0)
(0.000667303 1.95042e-07 0)
(0.00066717 1.94287e-07 0)
(0.000667037 1.93691e-07 0)
(0.000666905 1.93231e-07 0)
(0.000666772 1.92958e-07 0)
(0.00066664 1.92839e-07 0)
(0.000666507 1.92739e-07 0)
(0.000666375 1.92648e-07 0)
(0.000666242 1.9247e-07 0)
(0.00066611 1.9243e-07 0)
(0.000665976 1.92304e-07 0)
(0.000665842 1.92359e-07 0)
(0.000665708 1.92241e-07 0)
(0.000665573 1.91883e-07 0)
(0.000665438 1.92125e-07 0)
(0.000665302 1.93162e-07 0)
(0.000665163 1.94854e-07 0)
(0.000665023 1.97334e-07 0)
(0.000664879 2.00787e-07 0)
(0.000664733 2.05077e-07 0)
(0.000664583 2.10179e-07 0)
(0.000664429 2.15848e-07 0)
(0.000664271 2.22382e-07 0)
(0.000664109 2.29249e-07 0)
(0.000663943 2.36219e-07 0)
(0.000663773 2.43131e-07 0)
(0.000663601 2.48878e-07 0)
(0.000663428 2.52644e-07 0)
(0.000663255 2.53219e-07 0)
(0.000663086 2.50141e-07 0)
(0.000662922 2.44146e-07 0)
(0.000662764 2.35728e-07 0)
(0.000662613 2.24581e-07 0)
(0.000662472 2.09913e-07 0)
(0.000662341 1.94482e-07 0)
(0.00066222 1.79959e-07 0)
(0.00066211 1.65508e-07 0)
(0.000662006 1.52113e-07 0)
(0.000661923 1.29019e-07 0)
(0.000661855 1.1385e-07 0)
(0.000661789 1.05221e-07 0)
(0.000661724 9.54145e-08 0)
(0.000661674 8.26032e-08 0)
(0.000661609 5.39601e-08 0)
(0.000661637 3.00204e-08 0)
(0.000661645 7.55154e-09 0)
(0.000661658 1.17755e-10 0)
(0.000661675 -1.23251e-08 0)
(0.000661693 -2.34004e-08 0)
(0.000661676 -2.24081e-08 0)
(0.000661738 -2.72895e-08 0)
(0.000661793 -3.70012e-08 0)
(0.000661837 -4.93756e-08 0)
(0.00066189 -6.18389e-08 0)
(0.00066195 -7.58201e-08 0)
(0.00066201 -8.31587e-08 0)
(0.000662076 -8.80228e-08 0)
(0.000662129 -9.68619e-08 0)
(0.000662193 -9.49336e-08 0)
(0.000662253 -8.5015e-08 0)
(0.000662309 -8.20776e-08 0)
(0.00066236 -8.32757e-08 0)
(0.000662408 -7.75674e-08 0)
(0.000662459 -6.5933e-08 0)
(0.000662494 -5.74781e-08 0)
(0.000662533 -4.78589e-08 0)
(0.000662531 -3.96187e-08 0)
(0.000662551 -3.57241e-08 0)
(0.000662605 -3.09498e-08 0)
(0.000662591 -2.43335e-08 0)
(0.000662593 -1.73702e-08 0)
(0.000662608 -1.53139e-08 0)
(0.000662609 -1.23895e-08 0)
(0.000662619 -4.62812e-09 0)
(0.000662618 -1.03936e-09 0)
(0.00066262 -1.74075e-09 0)
(0.000662619 2.4262e-09 0)
(0.000662637 9.56739e-09 0)
(0.000662598 1.42165e-08 0)
(0.000662606 2.10626e-08 0)
(0.000662554 3.3872e-08 0)
(0.000662545 3.65792e-08 0)
(0.000662552 3.36939e-08 0)
(0.000662493 2.74289e-08 0)
(0.000662492 2.12e-08 0)
(0.000662504 1.26273e-08 0)
(0.000662422 1.63367e-08 0)
(0.000999939 3.08441e-05 0)
(0.00102959 7.94388e-05 0)
(0.00106864 0.000109293 0)
(0.00110249 0.000125021 0)
(0.00112616 0.000128277 0)
(0.00114283 0.000124593 0)
(0.0011518 0.000116615 0)
(0.0011539 0.00010689 0)
(0.00115066 9.62501e-05 0)
(0.00114359 8.56832e-05 0)
(0.00113403 7.57206e-05 0)
(0.00112301 6.66529e-05 0)
(0.00111124 5.86284e-05 0)
(0.00109926 5.16333e-05 0)
(0.00108743 4.55968e-05 0)
(0.00107599 4.04137e-05 0)
(0.00106508 3.59751e-05 0)
(0.00105475 3.21763e-05 0)
(0.00104504 2.89227e-05 0)
(0.00103593 2.61291e-05 0)
(0.00102741 2.37219e-05 0)
(0.00101944 2.16397e-05 0)
(0.00101199 1.98307e-05 0)
(0.00100502 1.82514e-05 0)
(0.000998497 1.68655e-05 0)
(0.000992375 1.56428e-05 0)
(0.000986627 1.45583e-05 0)
(0.00098122 1.35912e-05 0)
(0.000976128 1.27243e-05 0)
(0.000971324 1.19433e-05 0)
(0.000966786 1.12363e-05 0)
(0.000962494 1.05933e-05 0)
(0.000958428 1.0006e-05 0)
(0.000954571 9.46755e-06 0)
(0.00095091 8.97194e-06 0)
(0.00094743 8.51421e-06 0)
(0.000944119 8.09014e-06 0)
(0.000940966 7.6961e-06 0)
(0.000937961 7.32899e-06 0)
(0.000935094 6.98612e-06 0)
(0.000932357 6.66516e-06 0)
(0.000929744 6.36409e-06 0)
(0.000927245 6.08114e-06 0)
(0.000924856 5.81474e-06 0)
(0.000922569 5.56352e-06 0)
(0.00092038 5.32625e-06 0)
(0.000918284 5.10186e-06 0)
(0.000916275 4.88935e-06 0)
(0.000914349 4.68787e-06 0)
(0.000912502 4.49662e-06 0)
(0.00091073 4.31487e-06 0)
(0.00090903 4.14198e-06 0)
(0.000907399 3.97732e-06 0)
(0.000905833 3.82032e-06 0)
(0.000904329 3.6704e-06 0)
(0.000902885 3.52702e-06 0)
(0.000901499 3.38959e-06 0)
(0.000900168 3.25753e-06 0)
(0.000898891 3.13022e-06 0)
(0.000897667 3.00705e-06 0)
(0.000896493 2.88734e-06 0)
(0.000895369 2.77043e-06 0)
(0.000894294 2.65566e-06 0)
(0.000893268 2.54238e-06 0)
(0.00089229 2.43001e-06 0)
(0.00089136 2.31803e-06 0)
(0.000890478 2.20609e-06 0)
(0.000889644 2.09397e-06 0)
(0.000888857 1.98164e-06 0)
(0.000888116 1.86928e-06 0)
(0.000887423 1.75724e-06 0)
(0.000886775 1.64607e-06 0)
(0.000886171 1.53645e-06 0)
(0.000885611 1.42919e-06 0)
(0.000885091 1.32516e-06 0)
(0.000884611 1.22526e-06 0)
(0.000884167 1.13034e-06 0)
(0.000883757 1.04118e-06 0)
(0.000883379 9.58377e-07 0)
(0.000883028 8.82393e-07 0)
(0.000882704 8.13483e-07 0)
(0.000882402 7.51711e-07 0)
(0.000882119 6.96962e-07 0)
(0.000881855 6.48956e-07 0)
(0.000881605 6.07282e-07 0)
(0.000881369 5.71428e-07 0)
(0.000881144 5.40821e-07 0)
(0.000880929 5.14852e-07 0)
(0.000880722 4.92911e-07 0)
(0.000880523 4.74408e-07 0)
(0.00088033 4.58794e-07 0)
(0.000880142 4.45577e-07 0)
(0.00087996 4.34333e-07 0)
(0.000879781 4.24697e-07 0)
(0.000879607 4.16354e-07 0)
(0.000879436 4.09032e-07 0)
(0.000879268 4.02513e-07 0)
(0.000879103 3.96634e-07 0)
(0.000878941 3.91273e-07 0)
(0.000878781 3.86324e-07 0)
(0.000878624 3.81694e-07 0)
(0.000878469 3.77287e-07 0)
(0.000878316 3.73017e-07 0)
(0.000878165 3.68817e-07 0)
(0.000878016 3.64675e-07 0)
(0.000877868 3.60636e-07 0)
(0.000877722 3.5679e-07 0)
(0.000877578 3.53234e-07 0)
(0.000877435 3.50068e-07 0)
(0.000877292 3.47377e-07 0)
(0.000877151 3.45183e-07 0)
(0.00087701 3.4344e-07 0)
(0.000876869 3.42015e-07 0)
(0.000876729 3.40836e-07 0)
(0.000876589 3.39779e-07 0)
(0.00087645 3.38895e-07 0)
(0.00087631 3.38094e-07 0)
(0.00087617 3.37564e-07 0)
(0.000876031 3.37367e-07 0)
(0.00087589 3.37447e-07 0)
(0.00087575 3.37936e-07 0)
(0.000875609 3.38582e-07 0)
(0.000875466 3.39365e-07 0)
(0.000875323 3.39681e-07 0)
(0.000875179 3.40535e-07 0)
(0.000875033 3.41143e-07 0)
(0.000874887 3.41627e-07 0)
(0.000874739 3.43644e-07 0)
(0.000874589 3.4686e-07 0)
(0.000874436 3.50869e-07 0)
(0.00087428 3.56058e-07 0)
(0.00087412 3.62881e-07 0)
(0.000873956 3.71159e-07 0)
(0.000873787 3.80721e-07 0)
(0.000873614 3.90715e-07 0)
(0.000873437 4.01404e-07 0)
(0.000873255 4.11505e-07 0)
(0.000873071 4.21011e-07 0)
(0.000872884 4.30032e-07 0)
(0.000872695 4.36779e-07 0)
(0.000872505 4.40641e-07 0)
(0.000872318 4.39414e-07 0)
(0.000872135 4.32009e-07 0)
(0.000871959 4.19456e-07 0)
(0.00087179 4.02855e-07 0)
(0.000871628 3.82247e-07 0)
(0.000871477 3.5643e-07 0)
(0.00087134 3.29145e-07 0)
(0.000871214 3.03025e-07 0)
(0.000871103 2.77007e-07 0)
(0.000870987 2.53129e-07 0)
(0.000870905 2.16802e-07 0)
(0.000870822 1.89742e-07 0)
(0.000870751 1.77634e-07 0)
(0.00087064 1.48922e-07 0)
(0.000870617 1.16798e-07 0)
(0.000870596 7.58471e-08 0)
(0.000870611 4.18132e-08 0)
(0.000870621 1.20023e-08 0)
(0.000870678 -1.34853e-08 0)
(0.000870738 -4.97697e-08 0)
(0.000870707 -5.97631e-08 0)
(0.000870749 -6.32831e-08 0)
(0.000870841 -7.9724e-08 0)
(0.00087091 -1.0208e-07 0)
(0.000870975 -1.16398e-07 0)
(0.000871051 -1.31934e-07 0)
(0.000871119 -1.51374e-07 0)
(0.000871185 -1.55388e-07 0)
(0.000871276 -1.46579e-07 0)
(0.00087126 -1.54005e-07 0)
(0.000871343 -1.539e-07 0)
(0.000871437 -1.40665e-07 0)
(0.00087152 -1.37311e-07 0)
(0.000871532 -1.32035e-07 0)
(0.000871573 -1.2437e-07 0)
(0.000871672 -1.13465e-07 0)
(0.000871668 -9.14021e-08 0)
(0.000871726 -8.09149e-08 0)
(0.000871754 -6.76094e-08 0)
(0.000871726 -5.82652e-08 0)
(0.000871787 -4.23568e-08 0)
(0.000871822 -2.69349e-08 0)
(0.000871786 -2.29685e-08 0)
(0.000871825 -1.62828e-08 0)
(0.00087177 -1.68817e-08 0)
(0.000871781 -9.54487e-09 0)
(0.000871784 1.97783e-09 0)
(0.000871791 3.41917e-09 0)
(0.000871788 5.40332e-09 0)
(0.000871797 1.31593e-08 0)
(0.000871816 2.07661e-08 0)
(0.000871795 3.79797e-08 0)
(0.000871787 5.32981e-08 0)
(0.000871703 5.4412e-08 0)
(0.000871699 5.55116e-08 0)
(0.000871684 5.09234e-08 0)
(0.000871691 4.51142e-08 0)
(0.000871709 4.33613e-08 0)
(0.000871592 4.53948e-08 0)
(0.00100013 1.91857e-05 0)
(0.00101649 5.34631e-05 0)
(0.00104312 7.74712e-05 0)
(0.00107229 9.27404e-05 0)
(0.00110109 0.000102113 0)
(0.00112583 0.000104861 0)
(0.00114591 0.000103095 0)
(0.00116092 9.77661e-05 0)
(0.00117213 9.12762e-05 0)
(0.0011798 8.426e-05 0)
(0.00118454 7.71364e-05 0)
(0.00118673 7.0459e-05 0)
(0.00118703 6.41061e-05 0)
(0.00118585 5.82015e-05 0)
(0.00118359 5.27978e-05 0)
(0.00118053 4.79152e-05 0)
(0.00117694 4.35509e-05 0)
(0.00117298 3.96725e-05 0)
(0.00116881 3.62397e-05 0)
(0.00116453 3.3204e-05 0)
(0.00116022 3.05172e-05 0)
(0.00115595 2.81359e-05 0)
(0.00115174 2.60209e-05 0)
(0.00114763 2.41374e-05 0)
(0.00114364 2.2455e-05 0)
(0.00113977 2.0947e-05 0)
(0.00113604 1.95906e-05 0)
(0.00113245 1.83661e-05 0)
(0.001129 1.72563e-05 0)
(0.00112568 1.62469e-05 0)
(0.0011225 1.53254e-05 0)
(0.00111944 1.44811e-05 0)
(0.00111651 1.3705e-05 0)
(0.00111371 1.29892e-05 0)
(0.00111102 1.23271e-05 0)
(0.00110844 1.17129e-05 0)
(0.00110596 1.11417e-05 0)
(0.00110359 1.0609e-05 0)
(0.00110132 1.01112e-05 0)
(0.00109914 9.64497e-06 0)
(0.00109705 9.20747e-06 0)
(0.00109504 8.79616e-06 0)
(0.00109312 8.40883e-06 0)
(0.00109127 8.0435e-06 0)
(0.0010895 7.69843e-06 0)
(0.0010878 7.37204e-06 0)
(0.00108616 7.06294e-06 0)
(0.00108459 6.76985e-06 0)
(0.00108309 6.49163e-06 0)
(0.00108164 6.22724e-06 0)
(0.00108025 5.97571e-06 0)
(0.00107891 5.73615e-06 0)
(0.00107763 5.50771e-06 0)
(0.0010764 5.2896e-06 0)
(0.00107521 5.08101e-06 0)
(0.00107408 4.88115e-06 0)
(0.00107299 4.68923e-06 0)
(0.00107194 4.50439e-06 0)
(0.00107093 4.32579e-06 0)
(0.00106997 4.15253e-06 0)
(0.00106905 3.98371e-06 0)
(0.00106816 3.81845e-06 0)
(0.00106732 3.65588e-06 0)
(0.00106652 3.4952e-06 0)
(0.00106576 3.33572e-06 0)
(0.00106504 3.17689e-06 0)
(0.00106435 3.01834e-06 0)
(0.00106371 2.85994e-06 0)
(0.0010631 2.70181e-06 0)
(0.00106253 2.54434e-06 0)
(0.001062 2.38813e-06 0)
(0.0010615 2.23404e-06 0)
(0.00106104 2.08304e-06 0)
(0.00106061 1.93624e-06 0)
(0.00106022 1.79479e-06 0)
(0.00105985 1.65983e-06 0)
(0.00105951 1.53238e-06 0)
(0.00105919 1.41335e-06 0)
(0.00105889 1.30341e-06 0)
(0.00105862 1.203e-06 0)
(0.00105836 1.11229e-06 0)
(0.00105812 1.03124e-06 0)
(0.0010579 9.59549e-07 0)
(0.00105768 8.96731e-07 0)
(0.00105748 8.42157e-07 0)
(0.00105729 7.95086e-07 0)
(0.0010571 7.54718e-07 0)
(0.00105693 7.20234e-07 0)
(0.00105675 6.90833e-07 0)
(0.00105659 6.65759e-07 0)
(0.00105643 6.44326e-07 0)
(0.00105628 6.25918e-07 0)
(0.00105613 6.10015e-07 0)
(0.00105598 5.96177e-07 0)
(0.00105584 5.84024e-07 0)
(0.0010557 5.73219e-07 0)
(0.00105557 5.63488e-07 0)
(0.00105543 5.54629e-07 0)
(0.00105531 5.46498e-07 0)
(0.00105518 5.38961e-07 0)
(0.00105505 5.31904e-07 0)
(0.00105493 5.2523e-07 0)
(0.00105481 5.18867e-07 0)
(0.00105469 5.12759e-07 0)
(0.00105458 5.06897e-07 0)
(0.00105446 5.0133e-07 0)
(0.00105435 4.96147e-07 0)
(0.00105423 4.91442e-07 0)
(0.00105412 4.87295e-07 0)
(0.00105401 4.83792e-07 0)
(0.0010539 4.80983e-07 0)
(0.00105379 4.78851e-07 0)
(0.00105368 4.77226e-07 0)
(0.00105356 4.75985e-07 0)
(0.00105345 4.74932e-07 0)
(0.00105334 4.74113e-07 0)
(0.00105323 4.73323e-07 0)
(0.00105312 4.72844e-07 0)
(0.00105301 4.72768e-07 0)
(0.00105289 4.731e-07 0)
(0.00105278 4.74158e-07 0)
(0.00105266 4.76194e-07 0)
(0.00105255 4.78967e-07 0)
(0.00105243 4.80879e-07 0)
(0.00105231 4.83773e-07 0)
(0.00105218 4.84542e-07 0)
(0.00105206 4.85228e-07 0)
(0.00105193 4.90548e-07 0)
(0.00105181 4.97931e-07 0)
(0.00105167 5.05734e-07 0)
(0.00105153 5.14697e-07 0)
(0.00105139 5.25534e-07 0)
(0.00105125 5.38053e-07 0)
(0.0010511 5.5241e-07 0)
(0.00105094 5.67224e-07 0)
(0.00105078 5.82505e-07 0)
(0.00105062 5.95218e-07 0)
(0.00105045 6.06042e-07 0)
(0.00105028 6.15972e-07 0)
(0.00105011 6.22461e-07 0)
(0.00104994 6.26027e-07 0)
(0.00104977 6.23059e-07 0)
(0.0010496 6.11551e-07 0)
(0.00104944 5.923e-07 0)
(0.00104929 5.67971e-07 0)
(0.00104914 5.36765e-07 0)
(0.001049 4.98955e-07 0)
(0.00104887 4.61041e-07 0)
(0.00104876 4.24134e-07 0)
(0.00104866 3.88841e-07 0)
(0.00104854 3.50687e-07 0)
(0.00104848 3.09842e-07 0)
(0.00104835 2.76915e-07 0)
(0.00104835 2.39275e-07 0)
(0.00104831 1.80216e-07 0)
(0.0010483 1.19776e-07 0)
(0.00104829 7.15657e-08 0)
(0.00104832 3.25864e-08 0)
(0.00104834 -4.02356e-09 0)
(0.00104839 -4.5221e-08 0)
(0.00104839 -8.00809e-08 0)
(0.00104841 -1.01027e-07 0)
(0.00104851 -1.24624e-07 0)
(0.00104858 -1.51096e-07 0)
(0.00104865 -1.72371e-07 0)
(0.00104871 -1.88762e-07 0)
(0.0010488 -2.04525e-07 0)
(0.00104878 -2.14071e-07 0)
(0.00104884 -2.19133e-07 0)
(0.00104896 -2.19139e-07 0)
(0.00104906 -2.14654e-07 0)
(0.00104906 -2.11426e-07 0)
(0.00104917 -2.08912e-07 0)
(0.00104927 -2.06846e-07 0)
(0.00104933 -1.91712e-07 0)
(0.0010494 -1.73713e-07 0)
(0.00104944 -1.5499e-07 0)
(0.00104948 -1.24889e-07 0)
(0.00104944 -1.06401e-07 0)
(0.00104944 -9.22723e-08 0)
(0.00104949 -7.79184e-08 0)
(0.00104951 -5.89613e-08 0)
(0.00104958 -4.35464e-08 0)
(0.00104953 -3.04425e-08 0)
(0.00104953 -1.89067e-08 0)
(0.00104955 -1.13229e-08 0)
(0.00104955 -5.46257e-09 0)
(0.00104954 1.24072e-09 0)
(0.00104954 8.13034e-09 0)
(0.00104954 1.24353e-08 0)
(0.00104955 1.96997e-08 0)
(0.00104959 3.31517e-08 0)
(0.00104952 5.1307e-08 0)
(0.00104952 5.95599e-08 0)
(0.00104956 6.56852e-08 0)
(0.00104949 7.21025e-08 0)
(0.00104948 7.04469e-08 0)
(0.00104952 6.77673e-08 0)
(0.00104953 7.44866e-08 0)
(0.00104943 7.56747e-08 0)
(0.00100015 1.27059e-05 0)
(0.00101018 3.6366e-05 0)
(0.00102814 5.47639e-05 0)
(0.00105015 6.75766e-05 0)
(0.00107375 7.56569e-05 0)
(0.00109731 7.98684e-05 0)
(0.00111967 8.10814e-05 0)
(0.00114022 8.02354e-05 0)
(0.00115772 7.73928e-05 0)
(0.00117255 7.34283e-05 0)
(0.00118475 6.8888e-05 0)
(0.00119487 6.39721e-05 0)
(0.00120327 5.92768e-05 0)
(0.00121011 5.48114e-05 0)
(0.00121562 5.07346e-05 0)
(0.00121994 4.69749e-05 0)
(0.00122328 4.34985e-05 0)
(0.0012258 4.03074e-05 0)
(0.00122764 3.739e-05 0)
(0.00122891 3.47339e-05 0)
(0.00122971 3.23244e-05 0)
(0.00123014 3.01418e-05 0)
(0.00123026 2.81638e-05 0)
(0.00123014 2.63689e-05 0)
(0.00122982 2.47371e-05 0)
(0.00122935 2.32504e-05 0)
(0.00122876 2.18923e-05 0)
(0.00122807 2.06486e-05 0)
(0.00122731 1.95064e-05 0)
(0.0012265 1.84547e-05 0)
(0.00122565 1.74837e-05 0)
(0.00122478 1.65847e-05 0)
(0.00122389 1.57505e-05 0)
(0.00122299 1.49743e-05 0)
(0.00122209 1.42506e-05 0)
(0.0012212 1.35743e-05 0)
(0.00122031 1.29411e-05 0)
(0.00121944 1.2347e-05 0)
(0.00121858 1.17887e-05 0)
(0.00121775 1.12631e-05 0)
(0.00121692 1.07676e-05 0)
(0.00121612 1.02998e-05 0)
(0.00121534 9.85752e-06 0)
(0.00121458 9.43888e-06 0)
(0.00121385 9.04216e-06 0)
(0.00121313 8.66579e-06 0)
(0.00121244 8.30837e-06 0)
(0.00121177 7.96861e-06 0)
(0.00121112 7.64532e-06 0)
(0.00121049 7.33742e-06 0)
(0.00120989 7.04387e-06 0)
(0.0012093 6.76371e-06 0)
(0.00120873 6.49602e-06 0)
(0.00120819 6.23989e-06 0)
(0.00120766 5.99444e-06 0)
(0.00120716 5.75874e-06 0)
(0.00120667 5.53187e-06 0)
(0.0012062 5.31287e-06 0)
(0.00120575 5.10072e-06 0)
(0.00120532 4.89441e-06 0)
(0.00120491 4.69292e-06 0)
(0.00120452 4.49525e-06 0)
(0.00120415 4.30048e-06 0)
(0.00120379 4.10776e-06 0)
(0.00120345 3.9164e-06 0)
(0.00120314 3.72591e-06 0)
(0.00120284 3.53601e-06 0)
(0.00120255 3.3467e-06 0)
(0.00120229 3.15827e-06 0)
(0.00120204 2.97129e-06 0)
(0.00120181 2.78659e-06 0)
(0.00120159 2.60522e-06 0)
(0.00120139 2.42836e-06 0)
(0.0012012 2.25729e-06 0)
(0.00120103 2.09326e-06 0)
(0.00120086 1.93751e-06 0)
(0.0012007 1.7911e-06 0)
(0.00120056 1.6549e-06 0)
(0.00120042 1.52953e-06 0)
(0.00120028 1.41533e-06 0)
(0.00120016 1.31237e-06 0)
(0.00120004 1.22043e-06 0)
(0.00119992 1.13906e-06 0)
(0.00119981 1.06761e-06 0)
(0.0011997 1.0053e-06 0)
(0.0011996 9.51232e-07 0)
(0.0011995 9.04491e-07 0)
(0.00119941 8.64146e-07 0)
(0.00119932 8.2931e-07 0)
(0.00119923 7.99168e-07 0)
(0.00119915 7.72992e-07 0)
(0.00119907 7.50147e-07 0)
(0.001199 7.30093e-07 0)
(0.00119893 7.12383e-07 0)
(0.00119886 6.9663e-07 0)
(0.0011988 6.8249e-07 0)
(0.00119874 6.6967e-07 0)
(0.00119868 6.57963e-07 0)
(0.00119862 6.47222e-07 0)
(0.00119857 6.37315e-07 0)
(0.00119852 6.28113e-07 0)
(0.00119847 6.19514e-07 0)
(0.00119842 6.11455e-07 0)
(0.00119837 6.03905e-07 0)
(0.00119832 5.96872e-07 0)
(0.00119827 5.90398e-07 0)
(0.00119823 5.84548e-07 0)
(0.00119818 5.79375e-07 0)
(0.00119814 5.74903e-07 0)
(0.00119809 5.71169e-07 0)
(0.00119804 5.68207e-07 0)
(0.001198 5.66036e-07 0)
(0.00119795 5.64537e-07 0)
(0.0011979 5.6359e-07 0)
(0.00119785 5.62959e-07 0)
(0.00119781 5.62663e-07 0)
(0.00119776 5.62446e-07 0)
(0.00119771 5.62683e-07 0)
(0.00119765 5.63397e-07 0)
(0.0011976 5.64796e-07 0)
(0.00119755 5.67007e-07 0)
(0.00119749 5.70222e-07 0)
(0.00119743 5.74805e-07 0)
(0.00119737 5.79653e-07 0)
(0.00119731 5.88401e-07 0)
(0.00119724 5.91342e-07 0)
(0.00119718 5.90389e-07 0)
(0.00119711 5.9805e-07 0)
(0.00119704 6.09974e-07 0)
(0.00119696 6.22399e-07 0)
(0.00119687 6.35932e-07 0)
(0.00119679 6.51318e-07 0)
(0.0011967 6.67881e-07 0)
(0.0011966 6.85983e-07 0)
(0.0011965 7.05035e-07 0)
(0.00119639 7.25523e-07 0)
(0.00119629 7.4148e-07 0)
(0.00119618 7.54209e-07 0)
(0.00119606 7.64887e-07 0)
(0.00119595 7.70908e-07 0)
(0.00119583 7.7599e-07 0)
(0.00119571 7.74754e-07 0)
(0.00119559 7.62492e-07 0)
(0.00119547 7.39192e-07 0)
(0.00119534 7.12007e-07 0)
(0.00119522 6.71488e-07 0)
(0.00119511 6.20742e-07 0)
(0.00119501 5.7474e-07 0)
(0.00119492 5.27703e-07 0)
(0.00119484 4.82646e-07 0)
(0.00119476 4.30094e-07 0)
(0.0011947 3.80336e-07 0)
(0.00119465 3.25069e-07 0)
(0.00119463 2.53568e-07 0)
(0.00119461 1.86725e-07 0)
(0.00119461 1.20307e-07 0)
(0.00119461 6.214e-08 0)
(0.00119464 1.06067e-08 0)
(0.00119467 -3.58085e-08 0)
(0.00119472 -8.06509e-08 0)
(0.00119477 -1.17084e-07 0)
(0.00119483 -1.54223e-07 0)
(0.00119489 -1.94862e-07 0)
(0.00119495 -2.19272e-07 0)
(0.00119502 -2.36746e-07 0)
(0.00119508 -2.55882e-07 0)
(0.00119515 -2.71587e-07 0)
(0.00119522 -2.77961e-07 0)
(0.00119529 -2.86028e-07 0)
(0.00119537 -2.95078e-07 0)
(0.00119545 -2.88326e-07 0)
(0.00119551 -2.78189e-07 0)
(0.00119559 -2.73706e-07 0)
(0.00119565 -2.58864e-07 0)
(0.00119566 -2.44179e-07 0)
(0.00119574 -2.20739e-07 0)
(0.00119575 -1.85443e-07 0)
(0.00119578 -1.63372e-07 0)
(0.00119582 -1.38317e-07 0)
(0.00119582 -1.17066e-07 0)
(0.00119588 -1.02562e-07 0)
(0.00119591 -8.26714e-08 0)
(0.00119595 -6.88849e-08 0)
(0.00119596 -4.97146e-08 0)
(0.00119597 -3.12442e-08 0)
(0.00119599 -1.36677e-08 0)
(0.001196 -3.79706e-09 0)
(0.00119602 -2.06093e-09 0)
(0.00119598 8.32651e-09 0)
(0.00119598 1.43509e-08 0)
(0.00119601 2.13596e-08 0)
(0.001196 4.41307e-08 0)
(0.00119599 5.84301e-08 0)
(0.00119601 6.58413e-08 0)
(0.00119601 7.30326e-08 0)
(0.00119601 7.45145e-08 0)
(0.00119601 7.30688e-08 0)
(0.00119603 7.46478e-08 0)
(0.00119602 9.04677e-08 0)
(0.00119601 9.50914e-08 0)
(0.00100012 8.47328e-06 0)
(0.00100699 2.46103e-05 0)
(0.00101984 3.7934e-05 0)
(0.00103675 4.77755e-05 0)
(0.00105586 5.45179e-05 0)
(0.00107602 5.85506e-05 0)
(0.00109623 6.02615e-05 0)
(0.00111587 6.02139e-05 0)
(0.00113444 5.89938e-05 0)
(0.00115166 5.69769e-05 0)
(0.00116751 5.45735e-05 0)
(0.00118184 5.18723e-05 0)
(0.00119452 4.89192e-05 0)
(0.0012058 4.59799e-05 0)
(0.00121578 4.30221e-05 0)
(0.00122469 4.02161e-05 0)
(0.00123264 3.76114e-05 0)
(0.00123973 3.52086e-05 0)
(0.00124606 3.30519e-05 0)
(0.0012517 3.10806e-05 0)
(0.00125673 2.92535e-05 0)
(0.00126122 2.75651e-05 0)
(0.00126524 2.60065e-05 0)
(0.00126883 2.45678e-05 0)
(0.00127205 2.32387e-05 0)
(0.00127495 2.20091e-05 0)
(0.00127756 2.08696e-05 0)
(0.00127991 1.98115e-05 0)
(0.00128205 1.88269e-05 0)
(0.00128399 1.79089e-05 0)
(0.00128575 1.70511e-05 0)
(0.00128736 1.62481e-05 0)
(0.00128883 1.54949e-05 0)
(0.00129018 1.47873e-05 0)
(0.00129143 1.41213e-05 0)
(0.00129257 1.34935e-05 0)
(0.00129363 1.2901e-05 0)
(0.00129461 1.23408e-05 0)
(0.00129552 1.18108e-05 0)
(0.00129637 1.13086e-05 0)
(0.00129716 1.08323e-05 0)
(0.0012979 1.03801e-05 0)
(0.00129859 9.95037e-06 0)
(0.00129924 9.54172e-06 0)
(0.00129985 9.15278e-06 0)
(0.00130042 8.78232e-06 0)
(0.00130096 8.4292e-06 0)
(0.00130148 8.09238e-06 0)
(0.00130196 7.77088e-06 0)
(0.00130242 7.46377e-06 0)
(0.00130285 7.17017e-06 0)
(0.00130327 6.88922e-06 0)
(0.00130366 6.6201e-06 0)
(0.00130404 6.36197e-06 0)
(0.00130439 6.11399e-06 0)
(0.00130473 5.87531e-06 0)
(0.00130506 5.64501e-06 0)
(0.00130537 5.42218e-06 0)
(0.00130567 5.20583e-06 0)
(0.00130595 4.99499e-06 0)
(0.00130623 4.78868e-06 0)
(0.00130649 4.58595e-06 0)
(0.00130674 4.38594e-06 0)
(0.00130698 4.18792e-06 0)
(0.0013072 3.99129e-06 0)
(0.00130742 3.79566e-06 0)
(0.00130763 3.6009e-06 0)
(0.00130782 3.40711e-06 0)
(0.001308 3.21469e-06 0)
(0.00130817 3.02429e-06 0)
(0.00130833 2.83682e-06 0)
(0.00130848 2.65334e-06 0)
(0.00130861 2.47504e-06 0)
(0.00130873 2.30316e-06 0)
(0.00130884 2.13889e-06 0)
(0.00130893 1.98334e-06 0)
(0.00130901 1.83746e-06 0)
(0.00130908 1.70197e-06 0)
(0.00130914 1.57735e-06 0)
(0.0013092 1.4638e-06 0)
(0.00130924 1.36127e-06 0)
(0.00130928 1.26944e-06 0)
(0.00130931 1.18779e-06 0)
(0.00130934 1.11562e-06 0)
(0.00130936 1.05213e-06 0)
(0.00130939 9.96425e-07 0)
(0.00130941 9.47618e-07 0)
(0.00130943 9.04822e-07 0)
(0.00130945 8.67216e-07 0)
(0.00130948 8.34061e-07 0)
(0.00130951 8.04717e-07 0)
(0.00130953 7.78639e-07 0)
(0.00130957 7.55373e-07 0)
(0.0013096 7.3454e-07 0)
(0.00130964 7.1581e-07 0)
(0.00130968 6.98885e-07 0)
(0.00130972 6.83513e-07 0)
(0.00130976 6.6951e-07 0)
(0.00130981 6.56753e-07 0)
(0.00130985 6.45129e-07 0)
(0.0013099 6.34521e-07 0)
(0.00130995 6.24816e-07 0)
(0.00131 6.15936e-07 0)
(0.00131005 6.07851e-07 0)
(0.0013101 6.00571e-07 0)
(0.00131015 5.94129e-07 0)
(0.00131019 5.88545e-07 0)
(0.00131024 5.83804e-07 0)
(0.00131029 5.79873e-07 0)
(0.00131033 5.76717e-07 0)
(0.00131038 5.74326e-07 0)
(0.00131042 5.72706e-07 0)
(0.00131046 5.71842e-07 0)
(0.0013105 5.71659e-07 0)
(0.00131054 5.72003e-07 0)
(0.00131058 5.72756e-07 0)
(0.00131061 5.73809e-07 0)
(0.00131065 5.75394e-07 0)
(0.00131068 5.77591e-07 0)
(0.00131072 5.8067e-07 0)
(0.00131075 5.84837e-07 0)
(0.00131077 5.89836e-07 0)
(0.0013108 5.95015e-07 0)
(0.00131082 6.02419e-07 0)
(0.00131084 6.0977e-07 0)
(0.00131089 6.0902e-07 0)
(0.00131088 6.1925e-07 0)
(0.00131089 6.35494e-07 0)
(0.0013109 6.51451e-07 0)
(0.0013109 6.68223e-07 0)
(0.00131089 6.86464e-07 0)
(0.00131089 7.06309e-07 0)
(0.00131088 7.27266e-07 0)
(0.00131087 7.48879e-07 0)
(0.00131086 7.70446e-07 0)
(0.00131083 7.94107e-07 0)
(0.00131081 8.1338e-07 0)
(0.00131079 8.32084e-07 0)
(0.00131076 8.48197e-07 0)
(0.00131074 8.53142e-07 0)
(0.00131072 8.59426e-07 0)
(0.00131068 8.63174e-07 0)
(0.00131064 8.54327e-07 0)
(0.00131058 8.31854e-07 0)
(0.0013105 8.16397e-07 0)
(0.00131044 7.68607e-07 0)
(0.00131037 6.99768e-07 0)
(0.00131032 6.52578e-07 0)
(0.00131026 6.05018e-07 0)
(0.0013102 5.5526e-07 0)
(0.00131014 4.89906e-07 0)
(0.0013101 4.17812e-07 0)
(0.00131007 3.48703e-07 0)
(0.00131006 2.70986e-07 0)
(0.00131006 1.89728e-07 0)
(0.00131007 1.12317e-07 0)
(0.00131009 4.22905e-08 0)
(0.00131012 -2.41273e-08 0)
(0.00131016 -8.03085e-08 0)
(0.0013102 -1.30728e-07 0)
(0.00131025 -1.77009e-07 0)
(0.00131031 -2.2068e-07 0)
(0.00131037 -2.61212e-07 0)
(0.00131043 -2.87294e-07 0)
(0.00131048 -3.03058e-07 0)
(0.00131054 -3.22966e-07 0)
(0.0013106 -3.41316e-07 0)
(0.00131068 -3.52658e-07 0)
(0.00131075 -3.60349e-07 0)
(0.00131082 -3.64648e-07 0)
(0.00131089 -3.66133e-07 0)
(0.00131097 -3.54506e-07 0)
(0.00131102 -3.29319e-07 0)
(0.00131108 -3.02582e-07 0)
(0.00131113 -2.87234e-07 0)
(0.00131119 -2.54623e-07 0)
(0.00131123 -2.16507e-07 0)
(0.00131126 -1.87807e-07 0)
(0.00131129 -1.6563e-07 0)
(0.00131132 -1.54448e-07 0)
(0.00131135 -1.31339e-07 0)
(0.00131138 -1.03006e-07 0)
(0.0013114 -8.44003e-08 0)
(0.00131143 -6.67173e-08 0)
(0.00131144 -4.92632e-08 0)
(0.00131147 -3.41561e-08 0)
(0.00131149 -2.18961e-08 0)
(0.00131151 -1.32557e-08 0)
(0.00131152 -2.10559e-09 0)
(0.00131155 1.02884e-09 0)
(0.00131158 6.06854e-09 0)
(0.0013116 3.04528e-08 0)
(0.00131162 4.86015e-08 0)
(0.00131164 5.72164e-08 0)
(0.00131166 6.12397e-08 0)
(0.00131169 5.51915e-08 0)
(0.00131171 5.58805e-08 0)
(0.00131174 5.74363e-08 0)
(0.00131175 8.83889e-08 0)
(0.00131179 9.74415e-08 0)
(0.0010001 5.4592e-06 0)
(0.00100529 1.59322e-05 0)
(0.00101527 2.49155e-05 0)
(0.00102895 3.18334e-05 0)
(0.00104496 3.67312e-05 0)
(0.00106238 3.98274e-05 0)
(0.00108044 4.13917e-05 0)
(0.00109854 4.17899e-05 0)
(0.00111628 4.13436e-05 0)
(0.00113333 4.02692e-05 0)
(0.00114952 3.87832e-05 0)
(0.00116478 3.70724e-05 0)
(0.00117905 3.52797e-05 0)
(0.00119232 3.34708e-05 0)
(0.00120468 3.17332e-05 0)
(0.0012161 3.00603e-05 0)
(0.00122664 2.84579e-05 0)
(0.00123636 2.69293e-05 0)
(0.00124533 2.54438e-05 0)
(0.00125366 2.40631e-05 0)
(0.00126141 2.27936e-05 0)
(0.00126862 2.16262e-05 0)
(0.00127534 2.05471e-05 0)
(0.0012816 1.95441e-05 0)
(0.00128745 1.86094e-05 0)
(0.00129293 1.77361e-05 0)
(0.00129807 1.69184e-05 0)
(0.00130288 1.6151e-05 0)
(0.00130741 1.54292e-05 0)
(0.00131167 1.47491e-05 0)
(0.00131569 1.4107e-05 0)
(0.00131948 1.34998e-05 0)
(0.00132307 1.29249e-05 0)
(0.00132646 1.23796e-05 0)
(0.00132967 1.18619e-05 0)
(0.00133272 1.13698e-05 0)
(0.00133562 1.09016e-05 0)
(0.00133837 1.04558e-05 0)
(0.00134098 1.00309e-05 0)
(0.00134347 9.62574e-06 0)
(0.00134584 9.23913e-06 0)
(0.00134811 8.87001e-06 0)
(0.00135027 8.51743e-06 0)
(0.00135233 8.18048e-06 0)
(0.0013543 7.85833e-06 0)
(0.00135618 7.55021e-06 0)
(0.00135798 7.25539e-06 0)
(0.0013597 6.97318e-06 0)
(0.00136135 6.70292e-06 0)
(0.00136293 6.44397e-06 0)
(0.00136445 6.19572e-06 0)
(0.0013659 5.95755e-06 0)
(0.00136729 5.72885e-06 0)
(0.00136863 5.50897e-06 0)
(0.00136991 5.29728e-06 0)
(0.00137113 5.0931e-06 0)
(0.00137231 4.89572e-06 0)
(0.00137344 4.70439e-06 0)
(0.00137452 4.51835e-06 0)
(0.00137556 4.33682e-06 0)
(0.00137655 4.15901e-06 0)
(0.0013775 3.9842e-06 0)
(0.00137841 3.8117e-06 0)
(0.00137927 3.64098e-06 0)
(0.00138009 3.47161e-06 0)
(0.00138087 3.30333e-06 0)
(0.00138161 3.13609e-06 0)
(0.0013823 2.97005e-06 0)
(0.00138295 2.80557e-06 0)
(0.00138355 2.64322e-06 0)
(0.00138412 2.48375e-06 0)
(0.00138464 2.32803e-06 0)
(0.00138512 2.17699e-06 0)
(0.00138556 2.03161e-06 0)
(0.00138596 1.8928e-06 0)
(0.00138633 1.76138e-06 0)
(0.00138666 1.63802e-06 0)
(0.00138696 1.5232e-06 0)
(0.00138723 1.41721e-06 0)
(0.00138748 1.32012e-06 0)
(0.0013877 1.23182e-06 0)
(0.00138791 1.15198e-06 0)
(0.0013881 1.08015e-06 0)
(0.00138827 1.01574e-06 0)
(0.00138844 9.58093e-07 0)
(0.0013886 9.06509e-07 0)
(0.00138875 8.60295e-07 0)
(0.0013889 8.1879e-07 0)
(0.00138905 7.81398e-07 0)
(0.00138919 7.47607e-07 0)
(0.00138934 7.16993e-07 0)
(0.00138948 6.89218e-07 0)
(0.00138963 6.64011e-07 0)
(0.00138978 6.4114e-07 0)
(0.00138993 6.20393e-07 0)
(0.00139008 6.01578e-07 0)
(0.00139023 5.8453e-07 0)
(0.00139039 5.69127e-07 0)
(0.00139054 5.55282e-07 0)
(0.0013907 5.42922e-07 0)
(0.00139085 5.31949e-07 0)
(0.00139101 5.22238e-07 0)
(0.00139116 5.13677e-07 0)
(0.00139131 5.06202e-07 0)
(0.00139146 4.99799e-07 0)
(0.00139161 4.94467e-07 0)
(0.00139176 4.90175e-07 0)
(0.00139191 4.86848e-07 0)
(0.00139205 4.84398e-07 0)
(0.00139219 4.82726e-07 0)
(0.00139233 4.81777e-07 0)
(0.00139247 4.8152e-07 0)
(0.00139261 4.82025e-07 0)
(0.00139275 4.83265e-07 0)
(0.00139288 4.8521e-07 0)
(0.00139301 4.8766e-07 0)
(0.00139314 4.90707e-07 0)
(0.00139326 4.94371e-07 0)
(0.00139339 4.98755e-07 0)
(0.00139351 5.04107e-07 0)
(0.00139363 5.10411e-07 0)
(0.00139375 5.17487e-07 0)
(0.00139386 5.24474e-07 0)
(0.00139397 5.32901e-07 0)
(0.00139408 5.40478e-07 0)
(0.00139419 5.51467e-07 0)
(0.00139429 5.711e-07 0)
(0.00139439 5.87111e-07 0)
(0.00139449 6.03779e-07 0)
(0.00139458 6.2286e-07 0)
(0.00139467 6.44268e-07 0)
(0.00139476 6.66883e-07 0)
(0.00139485 6.90472e-07 0)
(0.00139493 7.14425e-07 0)
(0.00139502 7.3804e-07 0)
(0.0013951 7.60586e-07 0)
(0.00139518 7.81658e-07 0)
(0.00139526 8.01032e-07 0)
(0.00139533 8.15473e-07 0)
(0.00139543 8.25141e-07 0)
(0.00139552 8.34045e-07 0)
(0.00139559 8.45612e-07 0)
(0.00139574 8.48984e-07 0)
(0.00139577 8.49827e-07 0)
(0.00139573 8.46451e-07 0)
(0.00139583 7.86757e-07 0)
(0.00139577 7.40688e-07 0)
(0.00139574 6.98805e-07 0)
(0.00139571 6.57698e-07 0)
(0.00139567 6.15349e-07 0)
(0.00139563 5.41583e-07 0)
(0.00139561 4.42939e-07 0)
(0.0013956 3.42435e-07 0)
(0.00139563 2.39219e-07 0)
(0.00139565 1.54498e-07 0)
(0.00139566 7.95094e-08 0)
(0.00139568 8.10191e-09 0)
(0.00139572 -6.2648e-08 0)
(0.00139576 -1.27335e-07 0)
(0.00139581 -1.85739e-07 0)
(0.00139586 -2.44019e-07 0)
(0.00139596 -2.84473e-07 0)
(0.001396 -3.20679e-07 0)
(0.00139611 -3.41885e-07 0)
(0.00139613 -3.6233e-07 0)
(0.00139617 -3.82034e-07 0)
(0.00139621 -4.03663e-07 0)
(0.00139636 -4.11413e-07 0)
(0.00139634 -4.18238e-07 0)
(0.00139637 -4.251e-07 0)
(0.00139642 -4.26183e-07 0)
(0.0013965 -4.11463e-07 0)
(0.00139653 -3.77427e-07 0)
(0.00139658 -3.61076e-07 0)
(0.00139662 -3.40186e-07 0)
(0.00139665 -2.96371e-07 0)
(0.00139675 -2.57201e-07 0)
(0.00139678 -2.35118e-07 0)
(0.00139689 -2.08994e-07 0)
(0.00139691 -1.88296e-07 0)
(0.00139692 -1.68557e-07 0)
(0.00139691 -1.40634e-07 0)
(0.00139702 -1.09471e-07 0)
(0.00139704 -9.38965e-08 0)
(0.00139701 -7.8092e-08 0)
(0.0013971 -5.76696e-08 0)
(0.00139712 -4.9012e-08 0)
(0.0013971 -3.85277e-08 0)
(0.0013971 -2.48622e-08 0)
(0.00139722 -1.60003e-08 0)
(0.0013972 -1.00937e-08 0)
(0.00139723 3.60625e-09 0)
(0.00139723 9.86533e-09 0)
(0.00139726 1.55089e-08 0)
(0.00139736 1.45041e-08 0)
(0.00139736 1.61079e-08 0)
(0.00139738 2.2958e-08 0)
(0.00139743 2.39277e-08 0)
(0.00139743 5.59376e-08 0)
(0.00139755 6.79344e-08 0)
(0.00100012 3.10061e-06 0)
(0.0010044 8.95971e-06 0)
(0.00101282 1.41512e-05 0)
(0.00102462 1.82616e-05 0)
(0.00103876 2.1218e-05 0)
(0.00105446 2.3144e-05 0)
(0.00107105 2.41918e-05 0)
(0.00108797 2.45454e-05 0)
(0.00110481 2.43859e-05 0)
(0.00112129 2.38557e-05 0)
(0.00113721 2.30919e-05 0)
(0.00115246 2.21978e-05 0)
(0.00116699 2.12374e-05 0)
(0.00118076 2.025e-05 0)
(0.00119378 1.92561e-05 0)
(0.00120606 1.82882e-05 0)
(0.00121766 1.73722e-05 0)
(0.0012286 1.65194e-05 0)
(0.00123893 1.57241e-05 0)
(0.00124868 1.49763e-05 0)
(0.0012579 1.42811e-05 0)
(0.00126661 1.3626e-05 0)
(0.00127487 1.30113e-05 0)
(0.00128271 1.24362e-05 0)
(0.00129015 1.18966e-05 0)
(0.00129723 1.1389e-05 0)
(0.00130397 1.09104e-05 0)
(0.00131038 1.04578e-05 0)
(0.0013165 1.0029e-05 0)
(0.00132234 9.62191e-06 0)
(0.00132791 9.23468e-06 0)
(0.00133323 8.86576e-06 0)
(0.00133832 8.51383e-06 0)
(0.00134319 8.1777e-06 0)
(0.00134784 7.85637e-06 0)
(0.0013523 7.54894e-06 0)
(0.00135657 7.25461e-06 0)
(0.00136066 6.97269e-06 0)
(0.00136457 6.70252e-06 0)
(0.00136833 6.44354e-06 0)
(0.00137193 6.19521e-06 0)
(0.00137538 5.95704e-06 0)
(0.00137869 5.72858e-06 0)
(0.00138187 5.5094e-06 0)
(0.00138493 5.2991e-06 0)
(0.00138786 5.09731e-06 0)
(0.00139067 4.90364e-06 0)
(0.00139337 4.71776e-06 0)
(0.00139596 4.53931e-06 0)
(0.00139846 4.36796e-06 0)
(0.00140085 4.20335e-06 0)
(0.00140315 4.04516e-06 0)
(0.00140536 3.89301e-06 0)
(0.00140749 3.74656e-06 0)
(0.00140953 3.60541e-06 0)
(0.00141149 3.46915e-06 0)
(0.00141337 3.33738e-06 0)
(0.00141518 3.20965e-06 0)
(0.00141691 3.08551e-06 0)
(0.00141857 2.9645e-06 0)
(0.00142016 2.84618e-06 0)
(0.00142168 2.73011e-06 0)
(0.00142313 2.61591e-06 0)
(0.00142452 2.50327e-06 0)
(0.00142583 2.39195e-06 0)
(0.00142707 2.28182e-06 0)
(0.00142825 2.17284e-06 0)
(0.00142936 2.0651e-06 0)
(0.0014304 1.95879e-06 0)
(0.00143137 1.8542e-06 0)
(0.00143227 1.75171e-06 0)
(0.0014331 1.65175e-06 0)
(0.00143387 1.5548e-06 0)
(0.00143458 1.46133e-06 0)
(0.00143523 1.37178e-06 0)
(0.00143582 1.28653e-06 0)
(0.00143637 1.20587e-06 0)
(0.00143686 1.12998e-06 0)
(0.00143731 1.05894e-06 0)
(0.00143772 9.92728e-07 0)
(0.0014381 9.31214e-07 0)
(0.00143845 8.74194e-07 0)
(0.00143878 8.21399e-07 0)
(0.00143908 7.72511e-07 0)
(0.00143937 7.27188e-07 0)
(0.00143965 6.85084e-07 0)
(0.00143991 6.45873e-07 0)
(0.00144017 6.09271e-07 0)
(0.00144042 5.75052e-07 0)
(0.00144067 5.43057e-07 0)
(0.00144092 5.13192e-07 0)
(0.00144116 4.85419e-07 0)
(0.00144141 4.59727e-07 0)
(0.00144166 4.36098e-07 0)
(0.0014419 4.14499e-07 0)
(0.00144215 3.9489e-07 0)
(0.00144239 3.77234e-07 0)
(0.00144264 3.61496e-07 0)
(0.00144288 3.47649e-07 0)
(0.00144313 3.35657e-07 0)
(0.00144337 3.25437e-07 0)
(0.00144362 3.16849e-07 0)
(0.00144386 3.09743e-07 0)
(0.0014441 3.04012e-07 0)
(0.00144433 2.99592e-07 0)
(0.00144457 2.96422e-07 0)
(0.0014448 2.94416e-07 0)
(0.00144503 2.93452e-07 0)
(0.00144525 2.93402e-07 0)
(0.00144548 2.94111e-07 0)
(0.0014457 2.95482e-07 0)
(0.00144591 2.97466e-07 0)
(0.00144613 3.00167e-07 0)
(0.00144634 3.03593e-07 0)
(0.00144655 3.07775e-07 0)
(0.00144676 3.12611e-07 0)
(0.00144696 3.1824e-07 0)
(0.00144716 3.24736e-07 0)
(0.00144736 3.31933e-07 0)
(0.00144756 3.40146e-07 0)
(0.00144776 3.48992e-07 0)
(0.00144795 3.58518e-07 0)
(0.00144813 3.68266e-07 0)
(0.00144832 3.79433e-07 0)
(0.0014485 3.91224e-07 0)
(0.00144868 4.04645e-07 0)
(0.00144886 4.22591e-07 0)
(0.00144904 4.41487e-07 0)
(0.00144921 4.6159e-07 0)
(0.00144938 4.83677e-07 0)
(0.00144955 5.07681e-07 0)
(0.00144972 5.32187e-07 0)
(0.00144989 5.57243e-07 0)
(0.00145006 5.82017e-07 0)
(0.00145023 6.05961e-07 0)
(0.00145039 6.26349e-07 0)
(0.00145056 6.48425e-07 0)
(0.00145072 6.65412e-07 0)
(0.00145089 6.7598e-07 0)
(0.00145106 6.90331e-07 0)
(0.00145123 6.98893e-07 0)
(0.0014514 7.11481e-07 0)
(0.00145154 7.29452e-07 0)
(0.00145171 7.43375e-07 0)
(0.00145179 7.45732e-07 0)
(0.00145206 7.2076e-07 0)
(0.00145215 7.16603e-07 0)
(0.0014522 7.01599e-07 0)
(0.00145222 6.64605e-07 0)
(0.00145236 6.33439e-07 0)
(0.00145235 5.64224e-07 0)
(0.00145231 4.38202e-07 0)
(0.00145233 3.20051e-07 0)
(0.00145236 2.15806e-07 0)
(0.00145236 1.31395e-07 0)
(0.00145236 4.38844e-08 0)
(0.00145235 -3.5652e-08 0)
(0.00145254 -1.0971e-07 0)
(0.00145252 -1.75638e-07 0)
(0.00145261 -2.36909e-07 0)
(0.00145271 -2.83339e-07 0)
(0.00145279 -3.21519e-07 0)
(0.00145281 -3.55606e-07 0)
(0.00145284 -3.88016e-07 0)
(0.00145285 -4.19434e-07 0)
(0.00145281 -4.49223e-07 0)
(0.00145298 -4.58359e-07 0)
(0.001453 -4.59428e-07 0)
(0.00145296 -4.66974e-07 0)
(0.00145299 -4.70054e-07 0)
(0.00145302 -4.69746e-07 0)
(0.00145315 -4.49474e-07 0)
(0.00145308 -4.20832e-07 0)
(0.00145325 -3.96438e-07 0)
(0.00145326 -3.72487e-07 0)
(0.00145319 -3.37835e-07 0)
(0.00145321 -3.02479e-07 0)
(0.00145339 -2.77445e-07 0)
(0.00145341 -2.57653e-07 0)
(0.00145334 -2.27241e-07 0)
(0.0014535 -1.99731e-07 0)
(0.00145351 -1.73704e-07 0)
(0.00145344 -1.47782e-07 0)
(0.00145358 -1.18815e-07 0)
(0.00145357 -1.00291e-07 0)
(0.00145351 -8.81887e-08 0)
(0.00145366 -7.44439e-08 0)
(0.00145366 -5.86877e-08 0)
(0.00145359 -4.75535e-08 0)
(0.00145376 -3.00781e-08 0)
(0.00145376 -1.80546e-08 0)
(0.00145373 -2.90159e-08 0)
(0.00145379 -3.88708e-08 0)
(0.00145377 -3.79057e-08 0)
(0.00145395 -3.29525e-08 0)
(0.00145398 -2.34626e-08 0)
(0.00145401 -1.19785e-08 0)
(0.00145402 -9.39792e-09 0)
(0.00145397 5.89957e-09 0)
(0.00145414 1.77247e-08 0)
(0.00100051 1.1923e-06 0)
(0.00100385 2.78443e-06 0)
(0.00101163 4.54045e-06 0)
(0.0010226 5.93343e-06 0)
(0.00103588 6.93519e-06 0)
(0.00105078 7.59263e-06 0)
(0.00106667 7.95918e-06 0)
(0.001083 8.0937e-06 0)
(0.00109937 8.05684e-06 0)
(0.0011155 7.89793e-06 0)
(0.00113117 7.66034e-06 0)
(0.00114628 7.37589e-06 0)
(0.00116077 7.06693e-06 0)
(0.00117459 6.74831e-06 0)
(0.00118776 6.43194e-06 0)
(0.00120029 6.12856e-06 0)
(0.0012122 5.84321e-06 0)
(0.00122354 5.57641e-06 0)
(0.00123432 5.32243e-06 0)
(0.0012446 5.08037e-06 0)
(0.00125439 4.85232e-06 0)
(0.00126373 4.63939e-06 0)
(0.00127265 4.44054e-06 0)
(0.00128117 4.25415e-06 0)
(0.00128933 4.07889e-06 0)
(0.00129714 3.91362e-06 0)
(0.00130463 3.75734e-06 0)
(0.0013118 3.60912e-06 0)
(0.00131868 3.46822e-06 0)
(0.00132529 3.33395e-06 0)
(0.00133163 3.20577e-06 0)
(0.00133772 3.0832e-06 0)
(0.00134357 2.96584e-06 0)
(0.00134919 2.85335e-06 0)
(0.00135459 2.74543e-06 0)
(0.00135978 2.64184e-06 0)
(0.00136477 2.54236e-06 0)
(0.00136957 2.44679e-06 0)
(0.00137418 2.35497e-06 0)
(0.00137861 2.26674e-06 0)
(0.00138288 2.18197e-06 0)
(0.00138697 2.10051e-06 0)
(0.00139092 2.02225e-06 0)
(0.00139471 1.94708e-06 0)
(0.00139835 1.87489e-06 0)
(0.00140186 1.80557e-06 0)
(0.00140523 1.73904e-06 0)
(0.00140847 1.67519e-06 0)
(0.00141159 1.61392e-06 0)
(0.00141459 1.55515e-06 0)
(0.00141748 1.49877e-06 0)
(0.00142026 1.44469e-06 0)
(0.00142293 1.39281e-06 0)
(0.00142549 1.34305e-06 0)
(0.00142796 1.2953e-06 0)
(0.00143034 1.24947e-06 0)
(0.00143262 1.20547e-06 0)
(0.00143481 1.16323e-06 0)
(0.00143691 1.12268e-06 0)
(0.00143892 1.08375e-06 0)
(0.00144085 1.04637e-06 0)
(0.0014427 1.0105e-06 0)
(0.00144446 9.76082e-07 0)
(0.00144614 9.4306e-07 0)
(0.00144774 9.11388e-07 0)
(0.00144925 8.81011e-07 0)
(0.00145068 8.51865e-07 0)
(0.00145203 8.23871e-07 0)
(0.00145329 7.9693e-07 0)
(0.00145447 7.70922e-07 0)
(0.00145557 7.45706e-07 0)
(0.00145659 7.21128e-07 0)
(0.00145753 6.97028e-07 0)
(0.0014584 6.73248e-07 0)
(0.00145919 6.49626e-07 0)
(0.00145992 6.25998e-07 0)
(0.00146059 6.022e-07 0)
(0.0014612 5.78084e-07 0)
(0.00146176 5.53518e-07 0)
(0.00146228 5.28402e-07 0)
(0.00146275 5.02666e-07 0)
(0.00146319 4.76285e-07 0)
(0.0014636 4.49273e-07 0)
(0.00146398 4.21684e-07 0)
(0.00146435 3.93601e-07 0)
(0.0014647 3.65139e-07 0)
(0.00146503 3.36451e-07 0)
(0.00146535 3.07737e-07 0)
(0.00146567 2.79232e-07 0)
(0.00146598 2.51212e-07 0)
(0.00146629 2.2398e-07 0)
(0.0014666 1.97852e-07 0)
(0.0014669 1.73119e-07 0)
(0.0014672 1.50024e-07 0)
(0.0014675 1.28753e-07 0)
(0.0014678 1.09452e-07 0)
(0.0014681 9.22366e-08 0)
(0.0014684 7.71903e-08 0)
(0.00146869 6.43541e-08 0)
(0.00146899 5.37202e-08 0)
(0.00146928 4.52096e-08 0)
(0.00146957 3.86749e-08 0)
(0.00146986 3.39443e-08 0)
(0.00147015 3.08747e-08 0)
(0.00147043 2.93422e-08 0)
(0.00147071 2.92112e-08 0)
(0.00147099 3.03272e-08 0)
(0.00147126 3.25254e-08 0)
(0.00147153 3.56393e-08 0)
(0.0014718 3.94713e-08 0)
(0.00147206 4.38905e-08 0)
(0.00147232 4.8838e-08 0)
(0.00147258 5.44005e-08 0)
(0.00147283 6.05991e-08 0)
(0.00147308 6.75179e-08 0)
(0.00147333 7.51938e-08 0)
(0.00147357 8.37704e-08 0)
(0.00147382 9.3286e-08 0)
(0.00147406 1.0346e-07 0)
(0.00147429 1.14364e-07 0)
(0.00147453 1.25773e-07 0)
(0.00147476 1.38021e-07 0)
(0.00147499 1.50894e-07 0)
(0.00147522 1.64686e-07 0)
(0.00147544 1.79553e-07 0)
(0.00147566 1.95618e-07 0)
(0.00147589 2.14378e-07 0)
(0.00147611 2.34819e-07 0)
(0.00147633 2.56305e-07 0)
(0.00147654 2.79666e-07 0)
(0.00147676 3.04346e-07 0)
(0.00147698 3.29467e-07 0)
(0.0014772 3.55118e-07 0)
(0.00147742 3.79608e-07 0)
(0.00147764 4.03577e-07 0)
(0.00147785 4.2451e-07 0)
(0.00147807 4.4625e-07 0)
(0.00147828 4.64725e-07 0)
(0.0014785 4.79467e-07 0)
(0.00147871 4.92792e-07 0)
(0.00147893 4.98841e-07 0)
(0.00147914 5.07164e-07 0)
(0.00147933 5.08187e-07 0)
(0.00147953 5.2969e-07 0)
(0.0014797 5.47089e-07 0)
(0.00147987 5.72764e-07 0)
(0.00148003 6.18793e-07 0)
(0.00148021 6.2268e-07 0)
(0.00148037 5.93998e-07 0)
(0.00148044 5.1178e-07 0)
(0.00148073 4.51859e-07 0)
(0.00148079 3.94303e-07 0)
(0.0014808 2.98729e-07 0)
(0.00148088 1.96944e-07 0)
(0.0014809 1.13735e-07 0)
(0.00148092 2.05048e-08 0)
(0.00148091 -7.62925e-08 0)
(0.00148096 -1.53212e-07 0)
(0.00148093 -2.14695e-07 0)
(0.00148115 -2.67949e-07 0)
(0.00148117 -3.08612e-07 0)
(0.00148108 -3.58216e-07 0)
(0.00148128 -3.9497e-07 0)
(0.00148129 -4.28519e-07 0)
(0.00148117 -4.64357e-07 0)
(0.00148134 -4.93023e-07 0)
(0.00148134 -5.04225e-07 0)
(0.00148126 -5.07919e-07 0)
(0.00148127 -5.05302e-07 0)
(0.00148131 -4.95608e-07 0)
(0.00148145 -4.81522e-07 0)
(0.00148145 -4.66199e-07 0)
(0.00148132 -4.42578e-07 0)
(0.00148151 -4.09158e-07 0)
(0.00148151 -3.84741e-07 0)
(0.0014814 -3.69168e-07 0)
(0.00148138 -3.56624e-07 0)
(0.00148158 -3.12661e-07 0)
(0.0014816 -2.84845e-07 0)
(0.0014816 -2.64684e-07 0)
(0.00148155 -2.26858e-07 0)
(0.00148163 -1.88043e-07 0)
(0.00148168 -1.68185e-07 0)
(0.00148166 -1.48155e-07 0)
(0.00148158 -1.40151e-07 0)
(0.00148174 -1.24829e-07 0)
(0.00148175 -1.06006e-07 0)
(0.00148166 -9.30386e-08 0)
(0.00148184 -7.92589e-08 0)
(0.00148185 -6.78031e-08 0)
(0.00148177 -6.37358e-08 0)
(0.00148197 -7.22188e-08 0)
(0.00148199 -8.39474e-08 0)
(0.00148191 -8.96446e-08 0)
(0.00148211 -8.3192e-08 0)
(0.00148212 -6.58556e-08 0)
(0.00148207 -4.5723e-08 0)
(0.00148211 -4.34625e-08 0)
(0.00148216 -4.78248e-08 0)
(0.00148231 -4.45279e-08 0)
(0.00100051 -1.19162e-06 0)
(0.00100385 -2.78365e-06 0)
(0.00101163 -4.53879e-06 0)
(0.0010226 -5.93324e-06 0)
(0.00103588 -6.93505e-06 0)
(0.00105079 -7.59268e-06 0)
(0.00106667 -7.95931e-06 0)
(0.001083 -8.09385e-06 0)
(0.00109937 -8.05699e-06 0)
(0.0011155 -7.89804e-06 0)
(0.00113117 -7.66039e-06 0)
(0.00114628 -7.37587e-06 0)
(0.00116077 -7.06685e-06 0)
(0.0011746 -6.74814e-06 0)
(0.00118776 -6.43169e-06 0)
(0.00120029 -6.12823e-06 0)
(0.0012122 -5.8428e-06 0)
(0.00122354 -5.57592e-06 0)
(0.00123432 -5.32187e-06 0)
(0.0012446 -5.07973e-06 0)
(0.00125439 -4.85159e-06 0)
(0.00126373 -4.63856e-06 0)
(0.00127265 -4.43958e-06 0)
(0.00128117 -4.25304e-06 0)
(0.00128933 -4.07758e-06 0)
(0.00129714 -3.91208e-06 0)
(0.00130463 -3.75551e-06 0)
(0.0013118 -3.60697e-06 0)
(0.00131868 -3.46569e-06 0)
(0.00132529 -3.33099e-06 0)
(0.00133163 -3.20232e-06 0)
(0.00133772 -3.0792e-06 0)
(0.00134357 -2.96123e-06 0)
(0.00134919 -2.84807e-06 0)
(0.00135459 -2.73941e-06 0)
(0.00135978 -2.635e-06 0)
(0.00136477 -2.5346e-06 0)
(0.00136957 -2.43803e-06 0)
(0.00137418 -2.3451e-06 0)
(0.00137861 -2.25563e-06 0)
(0.00138288 -2.16948e-06 0)
(0.00138698 -2.08651e-06 0)
(0.00139092 -2.00657e-06 0)
(0.00139471 -1.92953e-06 0)
(0.00139835 -1.85528e-06 0)
(0.00140186 -1.78368e-06 0)
(0.00140523 -1.71462e-06 0)
(0.00140848 -1.64798e-06 0)
(0.0014116 -1.58363e-06 0)
(0.0014146 -1.52146e-06 0)
(0.00141749 -1.46133e-06 0)
(0.00142026 -1.4031e-06 0)
(0.00142293 -1.34663e-06 0)
(0.0014255 -1.29174e-06 0)
(0.00142797 -1.23825e-06 0)
(0.00143035 -1.18592e-06 0)
(0.00143263 -1.13452e-06 0)
(0.00143482 -1.08373e-06 0)
(0.00143692 -1.03326e-06 0)
(0.00143894 -9.8274e-07 0)
(0.00144088 -9.31846e-07 0)
(0.00144273 -8.80246e-07 0)
(0.00144449 -8.27656e-07 0)
(0.00144618 -7.73851e-07 0)
(0.00144778 -7.18698e-07 0)
(0.0014493 -6.62173e-07 0)
(0.00145074 -6.04388e-07 0)
(0.00145209 -5.45604e-07 0)
(0.00145337 -4.86239e-07 0)
(0.00145456 -4.26857e-07 0)
(0.00145567 -3.68148e-07 0)
(0.0014567 -3.10891e-07 0)
(0.00145766 -2.5591e-07 0)
(0.00145854 -2.04035e-07 0)
(0.00145935 -1.56064e-07 0)
(0.0014601 -1.12729e-07 0)
(0.00146078 -7.46602e-08 0)
(0.00146141 -4.23489e-08 0)
(0.00146199 -1.61305e-08 0)
(0.00146252 3.82408e-09 0)
(0.00146301 1.75148e-08 0)
(0.00146346 2.51068e-08 0)
(0.00146388 2.69213e-08 0)
(0.00146428 2.33992e-08 0)
(0.00146466 1.50743e-08 0)
(0.00146502 2.54768e-09 0)
(0.00146536 -1.35179e-08 0)
(0.00146569 -3.24205e-08 0)
(0.00146602 -5.34364e-08 0)
(0.00146633 -7.58435e-08 0)
(0.00146664 -9.89318e-08 0)
(0.00146695 -1.22035e-07 0)
(0.00146726 -1.44551e-07 0)
(0.00146756 -1.65969e-07 0)
(0.00146786 -1.85869e-07 0)
(0.00146816 -2.03904e-07 0)
(0.00146845 -2.19795e-07 0)
(0.00146875 -2.33337e-07 0)
(0.00146904 -2.44417e-07 0)
(0.00146933 -2.53021e-07 0)
(0.00146962 -2.59223e-07 0)
(0.00146991 -2.63159e-07 0)
(0.00147019 -2.64996e-07 0)
(0.00147048 -2.64903e-07 0)
(0.00147075 -2.63058e-07 0)
(0.00147103 -2.59668e-07 0)
(0.0014713 -2.54963e-07 0)
(0.00147157 -2.49169e-07 0)
(0.00147183 -2.42503e-07 0)
(0.00147209 -2.35187e-07 0)
(0.00147235 -2.27365e-07 0)
(0.0014726 -2.19117e-07 0)
(0.00147285 -2.10426e-07 0)
(0.0014731 -2.01269e-07 0)
(0.00147335 -1.91501e-07 0)
(0.00147359 -1.80973e-07 0)
(0.00147383 -1.69584e-07 0)
(0.00147407 -1.5737e-07 0)
(0.0014743 -1.44654e-07 0)
(0.00147454 -1.31438e-07 0)
(0.00147477 -1.17784e-07 0)
(0.001475 -1.03482e-07 0)
(0.00147523 -8.85236e-08 0)
(0.00147545 -7.27925e-08 0)
(0.00147568 -5.60382e-08 0)
(0.0014759 -3.82769e-08 0)
(0.00147613 -1.91558e-08 0)
(0.00147635 1.68018e-09 0)
(0.00147658 2.35451e-08 0)
(0.0014768 4.71937e-08 0)
(0.00147703 7.17578e-08 0)
(0.00147725 9.6805e-08 0)
(0.00147748 1.22272e-07 0)
(0.0014777 1.46276e-07 0)
(0.00147793 1.71119e-07 0)
(0.00147816 1.93411e-07 0)
(0.00147838 2.15306e-07 0)
(0.00147861 2.35487e-07 0)
(0.00147883 2.54566e-07 0)
(0.00147905 2.73276e-07 0)
(0.00147927 2.8597e-07 0)
(0.00147948 2.97565e-07 0)
(0.00147969 3.04066e-07 0)
(0.00147989 3.27206e-07 0)
(0.00148009 3.47111e-07 0)
(0.00148027 3.77189e-07 0)
(0.00148044 4.17575e-07 0)
(0.00148066 4.25621e-07 0)
(0.00148085 4.22826e-07 0)
(0.00148102 3.4787e-07 0)
(0.00148119 2.77295e-07 0)
(0.00148131 2.60356e-07 0)
(0.00148153 2.00597e-07 0)
(0.00148155 1.32496e-07 0)
(0.00148157 5.52598e-08 0)
(0.00148161 -9.22799e-09 0)
(0.0014816 -9.13058e-08 0)
(0.00148162 -1.71819e-07 0)
(0.00148161 -2.30912e-07 0)
(0.00148159 -2.84777e-07 0)
(0.00148176 -3.37348e-07 0)
(0.00148167 -3.94661e-07 0)
(0.00148183 -4.27051e-07 0)
(0.00148184 -4.60907e-07 0)
(0.00148172 -4.97622e-07 0)
(0.00148186 -5.15223e-07 0)
(0.00148188 -5.14575e-07 0)
(0.00148183 -5.16654e-07 0)
(0.00148173 -5.19925e-07 0)
(0.00148167 -4.97967e-07 0)
(0.00148187 -4.73691e-07 0)
(0.00148185 -4.66559e-07 0)
(0.0014817 -4.45927e-07 0)
(0.00148188 -4.06068e-07 0)
(0.00148185 -3.96353e-07 0)
(0.00148184 -3.84096e-07 0)
(0.00148181 -3.66068e-07 0)
(0.00148172 -3.38114e-07 0)
(0.00148185 -2.92616e-07 0)
(0.00148169 -2.62526e-07 0)
(0.00148184 -2.22409e-07 0)
(0.00148189 -2.05443e-07 0)
(0.00148186 -1.84053e-07 0)
(0.00148178 -1.7423e-07 0)
(0.00148194 -1.70549e-07 0)
(0.00148194 -1.56565e-07 0)
(0.00148184 -1.41798e-07 0)
(0.00148199 -1.2819e-07 0)
(0.00148201 -1.18341e-07 0)
(0.00148195 -1.10181e-07 0)
(0.00148192 -1.07685e-07 0)
(0.00148214 -1.129e-07 0)
(0.00148216 -1.20523e-07 0)
(0.0014822 -1.27064e-07 0)
(0.00148225 -1.21179e-07 0)
(0.00148225 -1.11404e-07 0)
(0.00148218 -1.01423e-07 0)
(0.00148238 -9.07658e-08 0)
(0.00148241 -9.56694e-08 0)
(0.00148244 -9.76126e-08 0)
(0.00100012 -3.09987e-06 0)
(0.0010044 -8.95929e-06 0)
(0.00101282 -1.4152e-05 0)
(0.00102462 -1.82607e-05 0)
(0.00103876 -2.12175e-05 0)
(0.00105446 -2.31437e-05 0)
(0.00107105 -2.41917e-05 0)
(0.00108797 -2.45454e-05 0)
(0.00110481 -2.4386e-05 0)
(0.00112129 -2.38558e-05 0)
(0.00113721 -2.30919e-05 0)
(0.00115246 -2.21977e-05 0)
(0.00116699 -2.12373e-05 0)
(0.00118076 -2.02498e-05 0)
(0.00119378 -1.92558e-05 0)
(0.00120606 -1.82879e-05 0)
(0.00121766 -1.73718e-05 0)
(0.0012286 -1.65189e-05 0)
(0.00123893 -1.57236e-05 0)
(0.00124868 -1.49757e-05 0)
(0.0012579 -1.42804e-05 0)
(0.00126661 -1.36251e-05 0)
(0.00127487 -1.30103e-05 0)
(0.00128271 -1.24351e-05 0)
(0.00129015 -1.18953e-05 0)
(0.00129723 -1.13875e-05 0)
(0.00130397 -1.09086e-05 0)
(0.00131038 -1.04557e-05 0)
(0.0013165 -1.00265e-05 0)
(0.00132234 -9.619e-06 0)
(0.00132791 -9.23129e-06 0)
(0.00133323 -8.86185e-06 0)
(0.00133832 -8.50933e-06 0)
(0.00134319 -8.17256e-06 0)
(0.00134784 -7.85051e-06 0)
(0.0013523 -7.54229e-06 0)
(0.00135657 -7.24709e-06 0)
(0.00136066 -6.96419e-06 0)
(0.00136458 -6.69296e-06 0)
(0.00136833 -6.43279e-06 0)
(0.00137193 -6.18315e-06 0)
(0.00137539 -5.94353e-06 0)
(0.0013787 -5.71347e-06 0)
(0.00138188 -5.49251e-06 0)
(0.00138493 -5.28025e-06 0)
(0.00138786 -5.07628e-06 0)
(0.00139068 -4.88021e-06 0)
(0.00139338 -4.69167e-06 0)
(0.00139598 -4.5103e-06 0)
(0.00139847 -4.33572e-06 0)
(0.00140087 -4.16757e-06 0)
(0.00140317 -4.00546e-06 0)
(0.00140539 -3.84898e-06 0)
(0.00140751 -3.69772e-06 0)
(0.00140956 -3.55118e-06 0)
(0.00141152 -3.40887e-06 0)
(0.00141341 -3.2702e-06 0)
(0.00141522 -3.13454e-06 0)
(0.00141696 -3.00121e-06 0)
(0.00141863 -2.86951e-06 0)
(0.00142023 -2.73871e-06 0)
(0.00142176 -2.60815e-06 0)
(0.00142323 -2.47721e-06 0)
(0.00142462 -2.34541e-06 0)
(0.00142596 -2.2124e-06 0)
(0.00142722 -2.07807e-06 0)
(0.00142842 -1.94253e-06 0)
(0.00142955 -1.80616e-06 0)
(0.00143062 -1.66961e-06 0)
(0.00143162 -1.53382e-06 0)
(0.00143256 -1.39989e-06 0)
(0.00143343 -1.26915e-06 0)
(0.00143424 -1.14297e-06 0)
(0.001435 -1.02277e-06 0)
(0.00143569 -9.09904e-07 0)
(0.00143633 -8.05626e-07 0)
(0.00143692 -7.10986e-07 0)
(0.00143746 -6.26798e-07 0)
(0.00143796 -5.53607e-07 0)
(0.00143841 -4.91666e-07 0)
(0.00143884 -4.40945e-07 0)
(0.00143923 -4.01133e-07 0)
(0.00143959 -3.71675e-07 0)
(0.00143993 -3.51809e-07 0)
(0.00144026 -3.40629e-07 0)
(0.00144056 -3.37107e-07 0)
(0.00144085 -3.40147e-07 0)
(0.00144113 -3.48599e-07 0)
(0.0014414 -3.61323e-07 0)
(0.00144167 -3.77199e-07 0)
(0.00144193 -3.95175e-07 0)
(0.00144218 -4.14277e-07 0)
(0.00144243 -4.33647e-07 0)
(0.00144268 -4.52534e-07 0)
(0.00144292 -4.70299e-07 0)
(0.00144316 -4.86396e-07 0)
(0.0014434 -5.00393e-07 0)
(0.00144364 -5.11977e-07 0)
(0.00144388 -5.20978e-07 0)
(0.00144411 -5.27347e-07 0)
(0.00144434 -5.31142e-07 0)
(0.00144457 -5.32463e-07 0)
(0.0014448 -5.31456e-07 0)
(0.00144502 -5.28291e-07 0)
(0.00144525 -5.23192e-07 0)
(0.00144546 -5.16423e-07 0)
(0.00144568 -5.08286e-07 0)
(0.00144589 -4.99077e-07 0)
(0.0014461 -4.89067e-07 0)
(0.00144631 -4.78478e-07 0)
(0.00144651 -4.67466e-07 0)
(0.00144672 -4.56152e-07 0)
(0.00144692 -4.44606e-07 0)
(0.00144711 -4.32806e-07 0)
(0.00144731 -4.20572e-07 0)
(0.0014475 -4.07707e-07 0)
(0.00144769 -3.94177e-07 0)
(0.00144788 -3.80085e-07 0)
(0.00144807 -3.65699e-07 0)
(0.00144826 -3.51007e-07 0)
(0.00144844 -3.36003e-07 0)
(0.00144863 -3.20572e-07 0)
(0.00144881 -3.04589e-07 0)
(0.001449 -2.87968e-07 0)
(0.00144918 -2.70566e-07 0)
(0.00144937 -2.52339e-07 0)
(0.00144956 -2.33379e-07 0)
(0.00144974 -2.1317e-07 0)
(0.00144993 -1.92067e-07 0)
(0.00145012 -1.69369e-07 0)
(0.00145031 -1.45884e-07 0)
(0.00145051 -1.21933e-07 0)
(0.0014507 -9.74239e-08 0)
(0.0014509 -7.3723e-08 0)
(0.00145109 -4.98501e-08 0)
(0.00145129 -2.78475e-08 0)
(0.00145149 -5.81556e-09 0)
(0.00145169 1.63141e-08 0)
(0.00145188 3.82757e-08 0)
(0.00145208 6.05044e-08 0)
(0.00145227 7.85395e-08 0)
(0.00145246 9.68787e-08 0)
(0.00145265 1.14763e-07 0)
(0.00145283 1.35967e-07 0)
(0.00145302 1.55233e-07 0)
(0.00145319 1.80352e-07 0)
(0.00145336 2.11383e-07 0)
(0.00145355 2.09422e-07 0)
(0.00145369 2.07862e-07 0)
(0.00145402 1.80044e-07 0)
(0.00145411 1.61376e-07 0)
(0.00145414 1.36218e-07 0)
(0.00145434 7.62878e-08 0)
(0.00145429 5.70083e-08 0)
(0.00145425 3.70086e-09 0)
(0.00145441 -4.24162e-08 0)
(0.00145441 -8.81774e-08 0)
(0.00145437 -1.56438e-07 0)
(0.00145437 -2.24683e-07 0)
(0.00145432 -2.88692e-07 0)
(0.00145432 -3.50463e-07 0)
(0.00145431 -4.09948e-07 0)
(0.0014543 -4.50641e-07 0)
(0.00145442 -4.81528e-07 0)
(0.00145429 -5.07752e-07 0)
(0.0014542 -5.19831e-07 0)
(0.00145431 -5.11816e-07 0)
(0.00145435 -5.06057e-07 0)
(0.0014543 -4.99139e-07 0)
(0.00145429 -4.86657e-07 0)
(0.00145431 -4.6776e-07 0)
(0.00145427 -4.52708e-07 0)
(0.00145415 -4.3943e-07 0)
(0.00145424 -3.98499e-07 0)
(0.00145414 -3.7985e-07 0)
(0.00145403 -3.66536e-07 0)
(0.00145415 -3.36757e-07 0)
(0.00145418 -3.26974e-07 0)
(0.00145413 -2.96204e-07 0)
(0.00145404 -2.58027e-07 0)
(0.00145419 -2.417e-07 0)
(0.0014542 -2.23352e-07 0)
(0.00145408 -2.04409e-07 0)
(0.00145419 -1.92475e-07 0)
(0.00145421 -1.8274e-07 0)
(0.0014541 -1.70699e-07 0)
(0.00145421 -1.55983e-07 0)
(0.00145412 -1.53004e-07 0)
(0.00145423 -1.43911e-07 0)
(0.00145425 -1.44208e-07 0)
(0.00145417 -1.45228e-07 0)
(0.00145433 -1.44988e-07 0)
(0.00145434 -1.46273e-07 0)
(0.00145436 -1.45718e-07 0)
(0.00145437 -1.36092e-07 0)
(0.00145439 -1.38037e-07 0)
(0.00145432 -1.48432e-07 0)
(0.00145438 -1.40342e-07 0)
(0.00145437 -1.47641e-07 0)
(0.00145453 -1.50585e-07 0)
(0.0010001 -5.4589e-06 0)
(0.0010053 -1.59323e-05 0)
(0.00101527 -2.49151e-05 0)
(0.00102895 -3.18328e-05 0)
(0.00104496 -3.67307e-05 0)
(0.00106238 -3.98271e-05 0)
(0.00108044 -4.13916e-05 0)
(0.00109854 -4.179e-05 0)
(0.00111628 -4.13437e-05 0)
(0.00113333 -4.02693e-05 0)
(0.00114952 -3.87832e-05 0)
(0.00116478 -3.70724e-05 0)
(0.00117905 -3.52796e-05 0)
(0.00119232 -3.34706e-05 0)
(0.00120468 -3.1733e-05 0)
(0.0012161 -3.00599e-05 0)
(0.00122664 -2.84575e-05 0)
(0.00123636 -2.69288e-05 0)
(0.00124533 -2.54433e-05 0)
(0.00125366 -2.40625e-05 0)
(0.00126141 -2.27928e-05 0)
(0.00126862 -2.16254e-05 0)
(0.00127534 -2.05462e-05 0)
(0.0012816 -1.9543e-05 0)
(0.00128746 -1.86081e-05 0)
(0.00129293 -1.77347e-05 0)
(0.00129807 -1.69167e-05 0)
(0.00130288 -1.61489e-05 0)
(0.00130741 -1.54268e-05 0)
(0.00131167 -1.47463e-05 0)
(0.00131569 -1.41038e-05 0)
(0.00131949 -1.34961e-05 0)
(0.00132307 -1.29206e-05 0)
(0.00132646 -1.23747e-05 0)
(0.00132968 -1.18564e-05 0)
(0.00133273 -1.13635e-05 0)
(0.00133562 -1.08946e-05 0)
(0.00133837 -1.04478e-05 0)
(0.00134099 -1.0022e-05 0)
(0.00134348 -9.61576e-06 0)
(0.00134585 -9.22795e-06 0)
(0.00134811 -8.85752e-06 0)
(0.00135027 -8.50348e-06 0)
(0.00135234 -8.16492e-06 0)
(0.00135431 -7.84099e-06 0)
(0.00135619 -7.53091e-06 0)
(0.001358 -7.23392e-06 0)
(0.00135972 -6.94932e-06 0)
(0.00136138 -6.67644e-06 0)
(0.00136296 -6.41461e-06 0)
(0.00136448 -6.16319e-06 0)
(0.00136593 -5.92154e-06 0)
(0.00136733 -5.68901e-06 0)
(0.00136867 -5.46491e-06 0)
(0.00136996 -5.24852e-06 0)
(0.00137119 -5.03908e-06 0)
(0.00137238 -4.83575e-06 0)
(0.00137352 -4.63764e-06 0)
(0.00137461 -4.44378e-06 0)
(0.00137566 -4.25319e-06 0)
(0.00137667 -4.06486e-06 0)
(0.00137763 -3.87784e-06 0)
(0.00137856 -3.69124e-06 0)
(0.00137944 -3.50432e-06 0)
(0.00138029 -3.31656e-06 0)
(0.0013811 -3.12768e-06 0)
(0.00138187 -2.93771e-06 0)
(0.0013826 -2.74704e-06 0)
(0.00138329 -2.55639e-06 0)
(0.00138395 -2.36685e-06 0)
(0.00138457 -2.17979e-06 0)
(0.00138514 -1.9968e-06 0)
(0.00138569 -1.81963e-06 0)
(0.00138619 -1.65008e-06 0)
(0.00138666 -1.48991e-06 0)
(0.0013871 -1.34074e-06 0)
(0.0013875 -1.20396e-06 0)
(0.00138787 -1.08065e-06 0)
(0.00138821 -9.7156e-07 0)
(0.00138853 -8.77072e-07 0)
(0.00138882 -7.97192e-07 0)
(0.00138909 -7.31568e-07 0)
(0.00138934 -6.7954e-07 0)
(0.00138957 -6.40177e-07 0)
(0.00138978 -6.12345e-07 0)
(0.00138999 -5.94743e-07 0)
(0.00139018 -5.85987e-07 0)
(0.00139036 -5.84628e-07 0)
(0.00139054 -5.8924e-07 0)
(0.0013907 -5.98431e-07 0)
(0.00139086 -6.10917e-07 0)
(0.00139102 -6.25517e-07 0)
(0.00139117 -6.41196e-07 0)
(0.00139132 -6.57021e-07 0)
(0.00139147 -6.72182e-07 0)
(0.00139161 -6.85971e-07 0)
(0.00139175 -6.9784e-07 0)
(0.00139189 -7.07391e-07 0)
(0.00139203 -7.14414e-07 0)
(0.00139216 -7.18821e-07 0)
(0.0013923 -7.20629e-07 0)
(0.00139243 -7.19885e-07 0)
(0.00139256 -7.16691e-07 0)
(0.00139269 -7.11204e-07 0)
(0.00139282 -7.03677e-07 0)
(0.00139294 -6.94415e-07 0)
(0.00139307 -6.83769e-07 0)
(0.00139319 -6.72073e-07 0)
(0.00139331 -6.59624e-07 0)
(0.00139343 -6.46646e-07 0)
(0.00139355 -6.33324e-07 0)
(0.00139366 -6.19834e-07 0)
(0.00139377 -6.06296e-07 0)
(0.00139389 -5.92687e-07 0)
(0.001394 -5.78861e-07 0)
(0.00139411 -5.64667e-07 0)
(0.00139422 -5.5014e-07 0)
(0.00139433 -5.35389e-07 0)
(0.00139444 -5.20548e-07 0)
(0.00139455 -5.05562e-07 0)
(0.00139467 -4.90387e-07 0)
(0.00139478 -4.74984e-07 0)
(0.00139489 -4.59242e-07 0)
(0.001395 -4.43084e-07 0)
(0.00139512 -4.26376e-07 0)
(0.00139523 -4.09078e-07 0)
(0.00139535 -3.91469e-07 0)
(0.00139547 -3.7321e-07 0)
(0.0013956 -3.5429e-07 0)
(0.00139572 -3.34023e-07 0)
(0.00139585 -3.1296e-07 0)
(0.00139598 -2.91258e-07 0)
(0.00139611 -2.68887e-07 0)
(0.00139625 -2.46672e-07 0)
(0.00139639 -2.24643e-07 0)
(0.00139653 -2.03465e-07 0)
(0.00139668 -1.82202e-07 0)
(0.00139682 -1.60293e-07 0)
(0.00139696 -1.38284e-07 0)
(0.00139711 -1.15594e-07 0)
(0.00139726 -9.34715e-08 0)
(0.0013974 -7.14475e-08 0)
(0.00139755 -4.9652e-08 0)
(0.00139769 -3.06992e-08 0)
(0.00139783 -1.08627e-08 0)
(0.00139796 9.99976e-09 0)
(0.0013981 3.30422e-08 0)
(0.00139824 4.2549e-08 0)
(0.00139836 3.72737e-08 0)
(0.00139849 5.01988e-08 0)
(0.00139859 7.16957e-08 0)
(0.00139872 4.41452e-08 0)
(0.00139871 4.43603e-08 0)
(0.0013987 3.65097e-08 0)
(0.00139871 1.50367e-09 0)
(0.00139869 -5.58795e-08 0)
(0.00139867 -1.02957e-07 0)
(0.00139865 -1.49933e-07 0)
(0.00139865 -2.12983e-07 0)
(0.00139863 -2.84333e-07 0)
(0.00139864 -3.38068e-07 0)
(0.00139859 -3.73971e-07 0)
(0.00139863 -4.23923e-07 0)
(0.00139862 -4.51846e-07 0)
(0.00139849 -4.75033e-07 0)
(0.0013984 -4.87334e-07 0)
(0.00139832 -4.96558e-07 0)
(0.00139839 -4.83895e-07 0)
(0.00139836 -4.66994e-07 0)
(0.00139833 -4.58379e-07 0)
(0.00139828 -4.43475e-07 0)
(0.00139826 -4.22919e-07 0)
(0.00139821 -4.16794e-07 0)
(0.00139819 -3.90948e-07 0)
(0.00139811 -3.5737e-07 0)
(0.00139809 -3.34835e-07 0)
(0.00139812 -3.2198e-07 0)
(0.00139811 -3.04614e-07 0)
(0.00139807 -2.82598e-07 0)
(0.00139804 -2.63887e-07 0)
(0.00139802 -2.46853e-07 0)
(0.00139796 -2.28843e-07 0)
(0.00139801 -2.1055e-07 0)
(0.00139801 -1.94227e-07 0)
(0.00139801 -1.74496e-07 0)
(0.00139795 -1.69845e-07 0)
(0.00139803 -1.61293e-07 0)
(0.00139802 -1.59606e-07 0)
(0.00139802 -1.61861e-07 0)
(0.00139802 -1.65712e-07 0)
(0.00139801 -1.70088e-07 0)
(0.00139803 -1.61817e-07 0)
(0.00139805 -1.53348e-07 0)
(0.00139798 -1.54125e-07 0)
(0.00139806 -1.51863e-07 0)
(0.00139805 -1.56784e-07 0)
(0.00139803 -1.65855e-07 0)
(0.00139812 -1.75625e-07 0)
(0.00139809 -1.87792e-07 0)
(0.00139815 -1.90803e-07 0)
(0.00100012 -8.47297e-06 0)
(0.00100699 -2.46102e-05 0)
(0.00101984 -3.79332e-05 0)
(0.00103675 -4.77744e-05 0)
(0.00105586 -5.45178e-05 0)
(0.00107602 -5.85507e-05 0)
(0.00109623 -6.02618e-05 0)
(0.00111587 -6.02144e-05 0)
(0.00113444 -5.89942e-05 0)
(0.00115166 -5.69772e-05 0)
(0.00116751 -5.45737e-05 0)
(0.00118184 -5.18723e-05 0)
(0.00119452 -4.89192e-05 0)
(0.00120581 -4.59797e-05 0)
(0.00121578 -4.3022e-05 0)
(0.00122469 -4.02158e-05 0)
(0.00123264 -3.7611e-05 0)
(0.00123973 -3.52081e-05 0)
(0.00124606 -3.30513e-05 0)
(0.0012517 -3.108e-05 0)
(0.00125673 -2.92528e-05 0)
(0.00126123 -2.75643e-05 0)
(0.00126524 -2.60056e-05 0)
(0.00126883 -2.45667e-05 0)
(0.00127205 -2.32375e-05 0)
(0.00127495 -2.20077e-05 0)
(0.00127756 -2.0868e-05 0)
(0.00127992 -1.98096e-05 0)
(0.00128205 -1.88247e-05 0)
(0.00128399 -1.79063e-05 0)
(0.00128575 -1.70481e-05 0)
(0.00128736 -1.62447e-05 0)
(0.00128884 -1.54911e-05 0)
(0.00129019 -1.47829e-05 0)
(0.00129143 -1.41164e-05 0)
(0.00129258 -1.3488e-05 0)
(0.00129364 -1.28947e-05 0)
(0.00129462 -1.23338e-05 0)
(0.00129553 -1.18029e-05 0)
(0.00129638 -1.12998e-05 0)
(0.00129717 -1.08224e-05 0)
(0.00129791 -1.03691e-05 0)
(0.0012986 -9.93817e-06 0)
(0.00129925 -9.52815e-06 0)
(0.00129987 -9.1377e-06 0)
(0.00130044 -8.76557e-06 0)
(0.00130099 -8.41062e-06 0)
(0.0013015 -8.07178e-06 0)
(0.00130199 -7.74807e-06 0)
(0.00130245 -7.43854e-06 0)
(0.00130289 -7.1423e-06 0)
(0.00130331 -6.85847e-06 0)
(0.00130371 -6.58621e-06 0)
(0.00130409 -6.32463e-06 0)
(0.00130446 -6.07287e-06 0)
(0.00130481 -5.82998e-06 0)
(0.00130514 -5.595e-06 0)
(0.00130547 -5.36686e-06 0)
(0.00130578 -5.14448e-06 0)
(0.00130608 -4.9267e-06 0)
(0.00130637 -4.71239e-06 0)
(0.00130665 -4.50039e-06 0)
(0.00130692 -4.28966e-06 0)
(0.00130719 -4.07928e-06 0)
(0.00130745 -3.86853e-06 0)
(0.0013077 -3.65697e-06 0)
(0.00130795 -3.44448e-06 0)
(0.00130819 -3.2313e-06 0)
(0.00130842 -3.01806e-06 0)
(0.00130865 -2.80577e-06 0)
(0.00130887 -2.5958e-06 0)
(0.00130909 -2.38977e-06 0)
(0.00130929 -2.18952e-06 0)
(0.00130949 -1.99697e-06 0)
(0.00130968 -1.81405e-06 0)
(0.00130985 -1.64257e-06 0)
(0.00131002 -1.48411e-06 0)
(0.00131018 -1.33997e-06 0)
(0.00131033 -1.21105e-06 0)
(0.00131046 -1.09791e-06 0)
(0.00131059 -1.00065e-06 0)
(0.0013107 -9.19028e-07 0)
(0.0013108 -8.52407e-07 0)
(0.0013109 -7.99898e-07 0)
(0.00131099 -7.60297e-07 0)
(0.00131106 -7.32272e-07 0)
(0.00131113 -7.14301e-07 0)
(0.00131119 -7.04876e-07 0)
(0.00131125 -7.02424e-07 0)
(0.0013113 -7.05494e-07 0)
(0.00131134 -7.12676e-07 0)
(0.00131138 -7.22753e-07 0)
(0.00131142 -7.34565e-07 0)
(0.00131145 -7.47124e-07 0)
(0.00131148 -7.59482e-07 0)
(0.00131151 -7.7088e-07 0)
(0.00131153 -7.80659e-07 0)
(0.00131156 -7.88419e-07 0)
(0.00131158 -7.93886e-07 0)
(0.0013116 -7.96969e-07 0)
(0.00131162 -7.97588e-07 0)
(0.00131164 -7.95752e-07 0)
(0.00131165 -7.91477e-07 0)
(0.00131167 -7.84936e-07 0)
(0.00131169 -7.76358e-07 0)
(0.00131171 -7.66092e-07 0)
(0.00131172 -7.54456e-07 0)
(0.00131174 -7.41804e-07 0)
(0.00131176 -7.28395e-07 0)
(0.00131177 -7.14491e-07 0)
(0.00131179 -7.00289e-07 0)
(0.00131181 -6.86025e-07 0)
(0.00131182 -6.71804e-07 0)
(0.00131184 -6.57658e-07 0)
(0.00131186 -6.43503e-07 0)
(0.00131188 -6.29338e-07 0)
(0.0013119 -6.15191e-07 0)
(0.00131192 -6.01119e-07 0)
(0.00131194 -5.87075e-07 0)
(0.00131196 -5.73002e-07 0)
(0.00131198 -5.58858e-07 0)
(0.00131201 -5.4468e-07 0)
(0.00131204 -5.30353e-07 0)
(0.00131206 -5.15846e-07 0)
(0.0013121 -5.01114e-07 0)
(0.00131213 -4.86214e-07 0)
(0.00131217 -4.71322e-07 0)
(0.00131221 -4.56221e-07 0)
(0.00131225 -4.40749e-07 0)
(0.0013123 -4.24256e-07 0)
(0.00131235 -4.06933e-07 0)
(0.00131241 -3.88747e-07 0)
(0.00131247 -3.69832e-07 0)
(0.00131253 -3.50647e-07 0)
(0.0013126 -3.31391e-07 0)
(0.00131268 -3.12307e-07 0)
(0.00131275 -2.93251e-07 0)
(0.00131283 -2.73746e-07 0)
(0.00131291 -2.53613e-07 0)
(0.001313 -2.32792e-07 0)
(0.00131308 -2.10974e-07 0)
(0.00131317 -1.90024e-07 0)
(0.00131327 -1.67545e-07 0)
(0.00131336 -1.48679e-07 0)
(0.00131345 -1.27115e-07 0)
(0.00131354 -1.04562e-07 0)
(0.00131362 -8.24442e-08 0)
(0.0013137 -6.1541e-08 0)
(0.00131378 -5.05031e-08 0)
(0.00131383 -3.54357e-08 0)
(0.00131388 -1.06047e-08 0)
(0.00131393 1.46722e-08 0)
(0.00131397 3.00121e-08 0)
(0.00131398 3.50185e-08 0)
(0.00131399 2.26648e-08 0)
(0.00131397 -1.95531e-08 0)
(0.00131394 -6.45547e-08 0)
(0.0013139 -1.12211e-07 0)
(0.00131386 -1.77297e-07 0)
(0.0013138 -2.52047e-07 0)
(0.00131374 -3.04334e-07 0)
(0.00131368 -3.28129e-07 0)
(0.00131363 -3.70361e-07 0)
(0.00131357 -4.02049e-07 0)
(0.00131348 -4.19592e-07 0)
(0.0013134 -4.29776e-07 0)
(0.00131332 -4.31442e-07 0)
(0.00131326 -4.26924e-07 0)
(0.00131319 -4.21004e-07 0)
(0.00131313 -4.10521e-07 0)
(0.00131307 -3.95665e-07 0)
(0.00131302 -3.83906e-07 0)
(0.00131296 -3.79407e-07 0)
(0.00131291 -3.61106e-07 0)
(0.00131285 -3.31338e-07 0)
(0.00131282 -3.09032e-07 0)
(0.00131278 -2.88933e-07 0)
(0.00131276 -2.71366e-07 0)
(0.00131272 -2.58941e-07 0)
(0.00131269 -2.46104e-07 0)
(0.00131266 -2.26178e-07 0)
(0.00131264 -2.17845e-07 0)
(0.00131262 -2.03167e-07 0)
(0.00131262 -1.80668e-07 0)
(0.00131262 -1.64942e-07 0)
(0.00131259 -1.57118e-07 0)
(0.00131257 -1.56882e-07 0)
(0.00131254 -1.65121e-07 0)
(0.00131255 -1.66291e-07 0)
(0.00131253 -1.70257e-07 0)
(0.00131253 -1.67293e-07 0)
(0.00131253 -1.61479e-07 0)
(0.00131253 -1.53605e-07 0)
(0.00131253 -1.54294e-07 0)
(0.00131251 -1.60329e-07 0)
(0.00131251 -1.6666e-07 0)
(0.00131249 -1.71419e-07 0)
(0.00131248 -1.75922e-07 0)
(0.00131248 -1.96226e-07 0)
(0.00131248 -1.99988e-07 0)
(0.00100015 -1.27055e-05 0)
(0.00101018 -3.63658e-05 0)
(0.00102814 -5.47626e-05 0)
(0.00105014 -6.75733e-05 0)
(0.00107375 -7.5657e-05 0)
(0.00109731 -7.98683e-05 0)
(0.00111967 -8.10817e-05 0)
(0.00114022 -8.02365e-05 0)
(0.00115772 -7.73938e-05 0)
(0.00117255 -7.3429e-05 0)
(0.00118475 -6.88884e-05 0)
(0.00119487 -6.39723e-05 0)
(0.00120327 -5.92768e-05 0)
(0.00121012 -5.48113e-05 0)
(0.00121562 -5.07343e-05 0)
(0.00121995 -4.69745e-05 0)
(0.00122329 -4.34981e-05 0)
(0.0012258 -4.03069e-05 0)
(0.00122764 -3.73894e-05 0)
(0.00122891 -3.47332e-05 0)
(0.00122971 -3.23236e-05 0)
(0.00123014 -3.0141e-05 0)
(0.00123026 -2.81629e-05 0)
(0.00123014 -2.63679e-05 0)
(0.00122982 -2.4736e-05 0)
(0.00122935 -2.32491e-05 0)
(0.00122876 -2.18908e-05 0)
(0.00122807 -2.06469e-05 0)
(0.00122731 -1.95045e-05 0)
(0.0012265 -1.84525e-05 0)
(0.00122565 -1.74811e-05 0)
(0.00122478 -1.65819e-05 0)
(0.00122389 -1.57472e-05 0)
(0.00122299 -1.49706e-05 0)
(0.0012221 -1.42465e-05 0)
(0.0012212 -1.35697e-05 0)
(0.00122032 -1.29359e-05 0)
(0.00121945 -1.23412e-05 0)
(0.0012186 -1.17822e-05 0)
(0.00121776 -1.12559e-05 0)
(0.00121694 -1.07596e-05 0)
(0.00121614 -1.02908e-05 0)
(0.00121536 -9.84758e-06 0)
(0.0012146 -9.42785e-06 0)
(0.00121387 -9.02994e-06 0)
(0.00121316 -8.65226e-06 0)
(0.00121247 -8.2934e-06 0)
(0.0012118 -7.95206e-06 0)
(0.00121116 -7.62705e-06 0)
(0.00121054 -7.31727e-06 0)
(0.00120993 -7.02168e-06 0)
(0.00120935 -6.73932e-06 0)
(0.0012088 -6.46925e-06 0)
(0.00120826 -6.21055e-06 0)
(0.00120774 -5.96231e-06 0)
(0.00120725 -5.72357e-06 0)
(0.00120677 -5.49335e-06 0)
(0.00120631 -5.27063e-06 0)
(0.00120588 -5.05434e-06 0)
(0.00120546 -4.84334e-06 0)
(0.00120507 -4.63648e-06 0)
(0.0012047 -4.43263e-06 0)
(0.00120435 -4.23069e-06 0)
(0.00120402 -4.02966e-06 0)
(0.00120372 -3.82872e-06 0)
(0.00120343 -3.62728e-06 0)
(0.00120317 -3.42504e-06 0)
(0.00120294 -3.22203e-06 0)
(0.00120273 -3.01864e-06 0)
(0.00120254 -2.81564e-06 0)
(0.00120237 -2.61415e-06 0)
(0.00120222 -2.41559e-06 0)
(0.00120209 -2.22162e-06 0)
(0.00120198 -2.03402e-06 0)
(0.00120189 -1.85466e-06 0)
(0.00120181 -1.68531e-06 0)
(0.00120174 -1.52758e-06 0)
(0.00120168 -1.38284e-06 0)
(0.00120163 -1.25212e-06 0)
(0.00120159 -1.13612e-06 0)
(0.00120155 -1.03511e-06 0)
(0.00120151 -9.49023e-07 0)
(0.00120147 -8.77424e-07 0)
(0.00120143 -8.19567e-07 0)
(0.00120139 -7.74424e-07 0)
(0.00120135 -7.40761e-07 0)
(0.0012013 -7.17199e-07 0)
(0.00120125 -7.023e-07 0)
(0.00120119 -6.94608e-07 0)
(0.00120113 -6.9273e-07 0)
(0.00120107 -6.95354e-07 0)
(0.001201 -7.01286e-07 0)
(0.00120093 -7.09415e-07 0)
(0.00120086 -7.18731e-07 0)
(0.00120078 -7.28305e-07 0)
(0.0012007 -7.37349e-07 0)
(0.00120062 -7.45228e-07 0)
(0.00120053 -7.51524e-07 0)
(0.00120045 -7.55972e-07 0)
(0.00120036 -7.58417e-07 0)
(0.00120028 -7.58728e-07 0)
(0.00120019 -7.56826e-07 0)
(0.00120011 -7.52707e-07 0)
(0.00120002 -7.465e-07 0)
(0.00119994 -7.38436e-07 0)
(0.00119986 -7.28807e-07 0)
(0.00119978 -7.17906e-07 0)
(0.0011997 -7.06014e-07 0)
(0.00119962 -6.9338e-07 0)
(0.00119955 -6.80248e-07 0)
(0.00119947 -6.66847e-07 0)
(0.0011994 -6.53391e-07 0)
(0.00119933 -6.40019e-07 0)
(0.00119926 -6.26808e-07 0)
(0.00119919 -6.13805e-07 0)
(0.00119912 -6.01064e-07 0)
(0.00119906 -5.88601e-07 0)
(0.001199 -5.76336e-07 0)
(0.00119894 -5.64151e-07 0)
(0.00119888 -5.52002e-07 0)
(0.00119882 -5.39923e-07 0)
(0.00119877 -5.27952e-07 0)
(0.00119872 -5.15997e-07 0)
(0.00119867 -5.04077e-07 0)
(0.00119863 -4.92282e-07 0)
(0.00119859 -4.80715e-07 0)
(0.00119855 -4.69381e-07 0)
(0.00119852 -4.58087e-07 0)
(0.00119849 -4.46711e-07 0)
(0.00119846 -4.34727e-07 0)
(0.00119844 -4.22178e-07 0)
(0.00119842 -4.0879e-07 0)
(0.00119841 -3.94697e-07 0)
(0.0011984 -3.80226e-07 0)
(0.0011984 -3.65344e-07 0)
(0.0011984 -3.50084e-07 0)
(0.00119841 -3.35044e-07 0)
(0.00119842 -3.19821e-07 0)
(0.00119844 -3.04404e-07 0)
(0.00119846 -2.88666e-07 0)
(0.00119849 -2.71615e-07 0)
(0.00119852 -2.54971e-07 0)
(0.00119856 -2.34181e-07 0)
(0.0011986 -2.14231e-07 0)
(0.00119865 -1.90689e-07 0)
(0.00119869 -1.63166e-07 0)
(0.00119873 -1.39494e-07 0)
(0.00119876 -1.20594e-07 0)
(0.00119881 -1.0022e-07 0)
(0.00119878 -9.32242e-08 0)
(0.00119879 -7.16324e-08 0)
(0.00119883 -3.91254e-08 0)
(0.00119886 -2.44922e-09 0)
(0.00119887 1.71039e-08 0)
(0.00119889 1.79986e-08 0)
(0.00119894 7.55231e-09 0)
(0.00119892 -2.14571e-08 0)
(0.00119889 -6.40973e-08 0)
(0.00119885 -1.1957e-07 0)
(0.00119878 -1.77796e-07 0)
(0.00119871 -2.26018e-07 0)
(0.00119864 -2.57811e-07 0)
(0.00119856 -2.92722e-07 0)
(0.00119848 -3.19822e-07 0)
(0.00119839 -3.379e-07 0)
(0.0011983 -3.4608e-07 0)
(0.00119821 -3.45944e-07 0)
(0.00119812 -3.42271e-07 0)
(0.00119803 -3.39673e-07 0)
(0.00119795 -3.36763e-07 0)
(0.00119788 -3.31535e-07 0)
(0.00119781 -3.2344e-07 0)
(0.00119774 -3.13397e-07 0)
(0.00119767 -2.97887e-07 0)
(0.0011976 -2.76803e-07 0)
(0.00119754 -2.57926e-07 0)
(0.00119748 -2.44394e-07 0)
(0.00119743 -2.33418e-07 0)
(0.00119739 -2.24144e-07 0)
(0.00119734 -2.16157e-07 0)
(0.0011973 -2.03408e-07 0)
(0.00119726 -1.93711e-07 0)
(0.00119723 -1.78903e-07 0)
(0.0011972 -1.5769e-07 0)
(0.00119716 -1.3892e-07 0)
(0.00119713 -1.27953e-07 0)
(0.0011971 -1.30514e-07 0)
(0.00119706 -1.43161e-07 0)
(0.00119703 -1.52507e-07 0)
(0.001197 -1.52204e-07 0)
(0.00119697 -1.50649e-07 0)
(0.00119695 -1.47289e-07 0)
(0.00119692 -1.44692e-07 0)
(0.0011969 -1.46661e-07 0)
(0.00119687 -1.48567e-07 0)
(0.00119684 -1.45641e-07 0)
(0.00119681 -1.47952e-07 0)
(0.00119678 -1.52117e-07 0)
(0.00119676 -1.68588e-07 0)
(0.00119667 -1.72675e-07 0)
(0.00100013 -1.91854e-05 0)
(0.00101649 -5.34631e-05 0)
(0.00104312 -7.74714e-05 0)
(0.00107229 -9.27395e-05 0)
(0.00110109 -0.00010212 0)
(0.00112583 -0.00010486 0)
(0.00114591 -0.000103095 0)
(0.00116092 -9.77676e-05 0)
(0.00117213 -9.12773e-05 0)
(0.0011798 -8.42605e-05 0)
(0.00118454 -7.71366e-05 0)
(0.00118673 -7.04589e-05 0)
(0.00118703 -6.41059e-05 0)
(0.00118585 -5.82012e-05 0)
(0.00118359 -5.27974e-05 0)
(0.00118054 -4.79147e-05 0)
(0.00117694 -4.35503e-05 0)
(0.00117298 -3.96719e-05 0)
(0.00116881 -3.62391e-05 0)
(0.00116453 -3.32033e-05 0)
(0.00116022 -3.05165e-05 0)
(0.00115595 -2.81351e-05 0)
(0.00115174 -2.60201e-05 0)
(0.00114763 -2.41365e-05 0)
(0.00114364 -2.2454e-05 0)
(0.00113977 -2.09459e-05 0)
(0.00113604 -1.95894e-05 0)
(0.00113245 -1.83647e-05 0)
(0.001129 -1.72548e-05 0)
(0.00112568 -1.62451e-05 0)
(0.0011225 -1.53234e-05 0)
(0.00111945 -1.44788e-05 0)
(0.00111652 -1.37024e-05 0)
(0.00111371 -1.29864e-05 0)
(0.00111102 -1.23239e-05 0)
(0.00110844 -1.17094e-05 0)
(0.00110597 -1.11377e-05 0)
(0.0011036 -1.06046e-05 0)
(0.00110133 -1.01063e-05 0)
(0.00109915 -9.63953e-06 0)
(0.00109706 -9.20144e-06 0)
(0.00109506 -8.78948e-06 0)
(0.00109314 -8.40144e-06 0)
(0.00109129 -8.03533e-06 0)
(0.00108952 -7.6894e-06 0)
(0.00108783 -7.36207e-06 0)
(0.0010862 -7.05194e-06 0)
(0.00108463 -6.75773e-06 0)
(0.00108313 -6.47829e-06 0)
(0.00108169 -6.21258e-06 0)
(0.0010803 -5.95962e-06 0)
(0.00107897 -5.71853e-06 0)
(0.0010777 -5.48846e-06 0)
(0.00107647 -5.26861e-06 0)
(0.0010753 -5.05816e-06 0)
(0.00107417 -4.85633e-06 0)
(0.00107309 -4.66228e-06 0)
(0.00107205 -4.47518e-06 0)
(0.00107106 -4.2941e-06 0)
(0.00107011 -4.11813e-06 0)
(0.0010692 -3.94626e-06 0)
(0.00106834 -3.77752e-06 0)
(0.00106752 -3.6109e-06 0)
(0.00106674 -3.44551e-06 0)
(0.00106601 -3.2805e-06 0)
(0.00106531 -3.11526e-06 0)
(0.00106466 -2.94931e-06 0)
(0.00106406 -2.78251e-06 0)
(0.0010635 -2.61496e-06 0)
(0.00106298 -2.44712e-06 0)
(0.0010625 -2.27974e-06 0)
(0.00106206 -2.11385e-06 0)
(0.00106167 -1.95076e-06 0)
(0.00106131 -1.7919e-06 0)
(0.00106099 -1.63884e-06 0)
(0.0010607 -1.49311e-06 0)
(0.00106043 -1.35619e-06 0)
(0.0010602 -1.22934e-06 0)
(0.00105999 -1.11365e-06 0)
(0.0010598 -1.00983e-06 0)
(0.00105962 -9.18366e-07 0)
(0.00105946 -8.39328e-07 0)
(0.00105931 -7.72595e-07 0)
(0.00105916 -7.176e-07 0)
(0.00105902 -6.73675e-07 0)
(0.00105889 -6.39776e-07 0)
(0.00105875 -6.14889e-07 0)
(0.00105862 -5.97752e-07 0)
(0.00105848 -5.87265e-07 0)
(0.00105835 -5.82175e-07 0)
(0.00105821 -5.81472e-07 0)
(0.00105806 -5.84027e-07 0)
(0.00105792 -5.88952e-07 0)
(0.00105777 -5.95247e-07 0)
(0.00105762 -6.02174e-07 0)
(0.00105746 -6.08941e-07 0)
(0.00105731 -6.15081e-07 0)
(0.00105715 -6.20131e-07 0)
(0.00105699 -6.23914e-07 0)
(0.00105683 -6.26152e-07 0)
(0.00105667 -6.26749e-07 0)
(0.00105652 -6.25505e-07 0)
(0.00105636 -6.22472e-07 0)
(0.0010562 -6.17671e-07 0)
(0.00105605 -6.11357e-07 0)
(0.0010559 -6.03679e-07 0)
(0.00105575 -5.94925e-07 0)
(0.0010556 -5.85232e-07 0)
(0.00105546 -5.74873e-07 0)
(0.00105532 -5.63991e-07 0)
(0.00105518 -5.52868e-07 0)
(0.00105504 -5.41633e-07 0)
(0.00105491 -5.30518e-07 0)
(0.00105478 -5.19592e-07 0)
(0.00105465 -5.09022e-07 0)
(0.00105453 -4.98788e-07 0)
(0.0010544 -4.88917e-07 0)
(0.00105429 -4.79211e-07 0)
(0.00105417 -4.69627e-07 0)
(0.00105405 -4.60112e-07 0)
(0.00105394 -4.50785e-07 0)
(0.00105384 -4.41617e-07 0)
(0.00105373 -4.32636e-07 0)
(0.00105363 -4.23818e-07 0)
(0.00105353 -4.15296e-07 0)
(0.00105343 -4.07126e-07 0)
(0.00105334 -3.99389e-07 0)
(0.00105325 -3.91946e-07 0)
(0.00105317 -3.84689e-07 0)
(0.00105309 -3.77179e-07 0)
(0.00105301 -3.69351e-07 0)
(0.00105293 -3.60918e-07 0)
(0.00105287 -3.51915e-07 0)
(0.0010528 -3.42522e-07 0)
(0.00105274 -3.33017e-07 0)
(0.00105269 -3.23191e-07 0)
(0.00105264 -3.1373e-07 0)
(0.00105259 -3.04035e-07 0)
(0.00105255 -2.94086e-07 0)
(0.00105252 -2.84344e-07 0)
(0.00105249 -2.74498e-07 0)
(0.00105247 -2.64687e-07 0)
(0.00105245 -2.47108e-07 0)
(0.00105244 -2.29838e-07 0)
(0.00105244 -2.10463e-07 0)
(0.00105243 -1.80151e-07 0)
(0.00105243 -1.55413e-07 0)
(0.00105244 -1.40381e-07 0)
(0.00105246 -1.21176e-07 0)
(0.00105239 -9.63838e-08 0)
(0.00105238 -6.61387e-08 0)
(0.00105241 -3.43087e-08 0)
(0.00105242 -1.10399e-08 0)
(0.00105247 6.47571e-09 0)
(0.0010525 9.79007e-09 0)
(0.00105241 -4.03535e-10 0)
(0.00105242 -1.73156e-08 0)
(0.00105249 -3.85993e-08 0)
(0.00105247 -7.59979e-08 0)
(0.00105243 -1.15336e-07 0)
(0.00105237 -1.55042e-07 0)
(0.00105229 -1.8478e-07 0)
(0.00105222 -2.12001e-07 0)
(0.00105213 -2.32804e-07 0)
(0.00105205 -2.46641e-07 0)
(0.00105195 -2.52123e-07 0)
(0.00105186 -2.50794e-07 0)
(0.00105176 -2.458e-07 0)
(0.00105167 -2.45464e-07 0)
(0.00105159 -2.51581e-07 0)
(0.00105151 -2.54246e-07 0)
(0.00105143 -2.46986e-07 0)
(0.00105134 -2.34045e-07 0)
(0.00105127 -2.19251e-07 0)
(0.00105119 -2.02033e-07 0)
(0.00105113 -1.90763e-07 0)
(0.00105107 -1.86226e-07 0)
(0.00105101 -1.81118e-07 0)
(0.00105096 -1.74104e-07 0)
(0.00105091 -1.66493e-07 0)
(0.00105085 -1.57964e-07 0)
(0.00105081 -1.49578e-07 0)
(0.00105077 -1.35443e-07 0)
(0.00105072 -1.16031e-07 0)
(0.00105067 -9.65968e-08 0)
(0.00105063 -8.54764e-08 0)
(0.0010506 -8.97153e-08 0)
(0.00105056 -1.01468e-07 0)
(0.00105052 -1.11211e-07 0)
(0.00105047 -1.10424e-07 0)
(0.00105043 -1.04811e-07 0)
(0.00105038 -1.00039e-07 0)
(0.00105033 -9.58197e-08 0)
(0.00105029 -9.79086e-08 0)
(0.00105023 -1.05145e-07 0)
(0.00105012 -1.08049e-07 0)
(0.0010501 -1.09572e-07 0)
(0.00105011 -1.10669e-07 0)
(0.00105008 -1.16791e-07 0)
(0.00104996 -1.22071e-07 0)
(0.000999939 -3.08442e-05 0)
(0.00102959 -7.94384e-05 0)
(0.00106864 -0.000109287 0)
(0.00110249 -0.000125012 0)
(0.00112616 -0.000128289 0)
(0.00114283 -0.000124612 0)
(0.0011518 -0.000116609 0)
(0.0011539 -0.000106893 0)
(0.00115066 -9.62518e-05 0)
(0.00114359 -8.56837e-05 0)
(0.00113403 -7.57207e-05 0)
(0.00112301 -6.66527e-05 0)
(0.00111124 -5.8628e-05 0)
(0.00109926 -5.16328e-05 0)
(0.00108743 -4.55962e-05 0)
(0.00107599 -4.04131e-05 0)
(0.00106508 -3.59745e-05 0)
(0.00105475 -3.21757e-05 0)
(0.00104504 -2.89221e-05 0)
(0.00103593 -2.61284e-05 0)
(0.00102741 -2.37213e-05 0)
(0.00101944 -2.16391e-05 0)
(0.00101199 -1.98301e-05 0)
(0.00100503 -1.82507e-05 0)
(0.000998498 -1.68648e-05 0)
(0.000992377 -1.5642e-05 0)
(0.000986629 -1.45574e-05 0)
(0.000981223 -1.35902e-05 0)
(0.000976131 -1.27232e-05 0)
(0.000971328 -1.19421e-05 0)
(0.00096679 -1.12349e-05 0)
(0.000962498 -1.05918e-05 0)
(0.000958433 -1.00043e-05 0)
(0.000954577 -9.46564e-06 0)
(0.000950917 -8.9698e-06 0)
(0.000947438 -8.51183e-06 0)
(0.000944128 -8.0875e-06 0)
(0.000940976 -7.69317e-06 0)
(0.000937973 -7.32574e-06 0)
(0.000935108 -6.98252e-06 0)
(0.000932373 -6.66119e-06 0)
(0.000929761 -6.35971e-06 0)
(0.000927265 -6.0763e-06 0)
(0.000924878 -5.80941e-06 0)
(0.000922594 -5.55764e-06 0)
(0.000920409 -5.31978e-06 0)
(0.000918315 -5.09474e-06 0)
(0.00091631 -4.88154e-06 0)
(0.000914388 -4.67929e-06 0)
(0.000912546 -4.48721e-06 0)
(0.00091078 -4.30459e-06 0)
(0.000909085 -4.13076e-06 0)
(0.00090746 -3.96511e-06 0)
(0.0009059 -3.80706e-06 0)
(0.000904404 -3.65606e-06 0)
(0.000902968 -3.51155e-06 0)
(0.000901591 -3.37296e-06 0)
(0.00090027 -3.23972e-06 0)
(0.000899004 -3.1112e-06 0)
(0.00089779 -2.98674e-06 0)
(0.000896629 -2.86565e-06 0)
(0.00089552 -2.74719e-06 0)
(0.000894461 -2.63065e-06 0)
(0.000893453 -2.51527e-06 0)
(0.000892495 -2.4004e-06 0)
(0.000891587 -2.28544e-06 0)
(0.00089073 -2.16993e-06 0)
(0.000889925 -2.05359e-06 0)
(0.00088917 -1.93635e-06 0)
(0.000888466 -1.81834e-06 0)
(0.000887813 -1.69995e-06 0)
(0.000887209 -1.58182e-06 0)
(0.000886655 -1.46476e-06 0)
(0.000886147 -1.34978e-06 0)
(0.000885685 -1.23798e-06 0)
(0.000885265 -1.13054e-06 0)
(0.000884885 -1.02858e-06 0)
(0.000884541 -9.33172e-07 0)
(0.00088423 -8.45191e-07 0)
(0.000883948 -7.65382e-07 0)
(0.000883691 -6.94211e-07 0)
(0.000883456 -6.31963e-07 0)
(0.000883238 -5.78618e-07 0)
(0.000883035 -5.3398e-07 0)
(0.000882843 -4.97575e-07 0)
(0.000882659 -4.68816e-07 0)
(0.000882481 -4.46936e-07 0)
(0.000882307 -4.31158e-07 0)
(0.000882134 -4.20623e-07 0)
(0.000881962 -4.14528e-07 0)
(0.000881789 -4.12033e-07 0)
(0.000881615 -4.12372e-07 0)
(0.000881439 -4.1476e-07 0)
(0.00088126 -4.18514e-07 0)
(0.000881079 -4.22969e-07 0)
(0.000880896 -4.27616e-07 0)
(0.000880711 -4.32011e-07 0)
(0.000880525 -4.35873e-07 0)
(0.000880337 -4.38945e-07 0)
(0.000880149 -4.41046e-07 0)
(0.00087996 -4.41975e-07 0)
(0.000879772 -4.41631e-07 0)
(0.000879585 -4.39963e-07 0)
(0.0008794 -4.37053e-07 0)
(0.000879217 -4.32993e-07 0)
(0.000879036 -4.27941e-07 0)
(0.000878857 -4.22006e-07 0)
(0.000878682 -4.15339e-07 0)
(0.00087851 -4.08064e-07 0)
(0.000878341 -4.00365e-07 0)
(0.000878175 -3.92398e-07 0)
(0.000878013 -3.84358e-07 0)
(0.000877854 -3.76393e-07 0)
(0.000877698 -3.68655e-07 0)
(0.000877545 -3.61195e-07 0)
(0.000877395 -3.54048e-07 0)
(0.000877249 -3.47135e-07 0)
(0.000877105 -3.40381e-07 0)
(0.000876964 -3.33721e-07 0)
(0.000876826 -3.27211e-07 0)
(0.000876692 -3.20873e-07 0)
(0.00087656 -3.14742e-07 0)
(0.00087643 -3.08788e-07 0)
(0.000876304 -3.03035e-07 0)
(0.000876181 -2.97506e-07 0)
(0.00087606 -2.92346e-07 0)
(0.000875942 -2.87699e-07 0)
(0.000875827 -2.83569e-07 0)
(0.000875714 -2.79719e-07 0)
(0.000875604 -2.75804e-07 0)
(0.000875497 -2.71664e-07 0)
(0.000875393 -2.672e-07 0)
(0.000875293 -2.62448e-07 0)
(0.000875196 -2.57294e-07 0)
(0.000875104 -2.51916e-07 0)
(0.000875015 -2.46662e-07 0)
(0.000874929 -2.41388e-07 0)
(0.000874847 -2.35478e-07 0)
(0.000874768 -2.29556e-07 0)
(0.000874692 -2.23202e-07 0)
(0.00087462 -2.16326e-07 0)
(0.000874559 -2.09486e-07 0)
(0.000874488 -2.01757e-07 0)
(0.000874408 -1.92421e-07 0)
(0.000874374 -1.83938e-07 0)
(0.000874272 -1.71824e-07 0)
(0.000874257 -1.57097e-07 0)
(0.000874303 -1.36354e-07 0)
(0.000874222 -1.07384e-07 0)
(0.000874241 -7.85716e-08 0)
(0.000874192 -4.06849e-08 0)
(0.000874255 -1.9932e-08 0)
(0.000874243 -6.84892e-09 0)
(0.000874219 -6.52071e-09 0)
(0.000874216 -4.18997e-09 0)
(0.000874229 -1.02456e-08 0)
(0.000874289 -1.88867e-08 0)
(0.000874213 -3.2567e-08 0)
(0.000874175 -4.4964e-08 0)
(0.000874166 -6.42218e-08 0)
(0.000874164 -8.75262e-08 0)
(0.000874034 -1.13957e-07 0)
(0.000874018 -1.31314e-07 0)
(0.000873884 -1.49167e-07 0)
(0.00087386 -1.5977e-07 0)
(0.00087372 -1.65399e-07 0)
(0.000873693 -1.68913e-07 0)
(0.000873555 -1.66657e-07 0)
(0.000873507 -1.63457e-07 0)
(0.000873509 -1.62857e-07 0)
(0.000873426 -1.61654e-07 0)
(0.000873319 -1.59111e-07 0)
(0.000873171 -1.55311e-07 0)
(0.000873146 -1.52752e-07 0)
(0.000873026 -1.46436e-07 0)
(0.000872997 -1.42052e-07 0)
(0.000873012 -1.35091e-07 0)
(0.000872959 -1.24114e-07 0)
(0.000872898 -1.15398e-07 0)
(0.000872843 -1.05744e-07 0)
(0.000872792 -9.96153e-08 0)
(0.000872744 -9.3663e-08 0)
(0.000872692 -8.17387e-08 0)
(0.000872631 -7.21369e-08 0)
(0.000872522 -6.33474e-08 0)
(0.000872511 -5.55279e-08 0)
(0.000872544 -5.07742e-08 0)
(0.000872507 -4.76324e-08 0)
(0.000872477 -5.09123e-08 0)
(0.000872355 -5.44503e-08 0)
(0.000872325 -5.3579e-08 0)
(0.000872327 -4.92428e-08 0)
(0.000872233 -4.41397e-08 0)
(0.000872218 -4.76993e-08 0)
(0.00087223 -5.94343e-08 0)
(0.000872124 -7.19108e-08 0)
(0.000872109 -7.30745e-08 0)
(0.00087207 -6.63341e-08 0)
(0.000872051 -6.41113e-08 0)
(0.000871996 -7.01437e-08 0)
(0.00100229 -5.82003e-05 0)
(0.00105403 -0.000126872 0)
(0.00109158 -0.000146963 0)
(0.00111162 -0.00014749 0)
(0.00111268 -0.000142179 0)
(0.00110426 -0.000129506 0)
(0.0010854 -0.000113078 0)
(0.00106098 -9.64114e-05 0)
(0.00103407 -8.11606e-05 0)
(0.00100682 -6.79412e-05 0)
(0.000980598 -5.68314e-05 0)
(0.000956142 -4.76948e-05 0)
(0.000933767 -4.0266e-05 0)
(0.000913529 -3.42499e-05 0)
(0.000895335 -2.9378e-05 0)
(0.000879017 -2.54196e-05 0)
(0.000864382 -2.21871e-05 0)
(0.000851232 -1.95312e-05 0)
(0.000839384 -1.73342e-05 0)
(0.000828669 -1.55031e-05 0)
(0.000818941 -1.39647e-05 0)
(0.000810073 -1.26618e-05 0)
(0.000801956 -1.15495e-05 0)
(0.000794497 -1.05925e-05 0)
(0.000787616 -9.76267e-06 0)
(0.000781244 -9.03759e-06 0)
(0.000775325 -8.39948e-06 0)
(0.00076981 -7.834e-06 0)
(0.000764654 -7.32961e-06 0)
(0.000759824 -6.87695e-06 0)
(0.000755287 -6.46839e-06 0)
(0.000751015 -6.09767e-06 0)
(0.000746986 -5.75966e-06 0)
(0.000743179 -5.45009e-06 0)
(0.000739576 -5.1654e-06 0)
(0.000736161 -4.90263e-06 0)
(0.000732919 -4.65926e-06 0)
(0.000729838 -4.43317e-06 0)
(0.000726907 -4.22254e-06 0)
(0.000724116 -4.0258e-06 0)
(0.000721455 -3.84161e-06 0)
(0.000718917 -3.6688e-06 0)
(0.000716493 -3.50634e-06 0)
(0.000714178 -3.35333e-06 0)
(0.000711964 -3.20899e-06 0)
(0.000709846 -3.07261e-06 0)
(0.000707819 -2.94357e-06 0)
(0.000705877 -2.82132e-06 0)
(0.000704017 -2.70535e-06 0)
(0.000702235 -2.59521e-06 0)
(0.000700525 -2.49052e-06 0)
(0.000698886 -2.39091e-06 0)
(0.000697312 -2.29603e-06 0)
(0.000695803 -2.20557e-06 0)
(0.000694353 -2.11924e-06 0)
(0.000692962 -2.03675e-06 0)
(0.000691626 -1.9578e-06 0)
(0.000690344 -1.88208e-06 0)
(0.000689113 -1.80928e-06 0)
(0.000687932 -1.73902e-06 0)
(0.000686799 -1.67094e-06 0)
(0.000685713 -1.60459e-06 0)
(0.000684674 -1.53956e-06 0)
(0.000683681 -1.47538e-06 0)
(0.000682734 -1.41163e-06 0)
(0.000681833 -1.34787e-06 0)
(0.000680977 -1.28378e-06 0)
(0.000680168 -1.21907e-06 0)
(0.000679405 -1.15358e-06 0)
(0.000678688 -1.08729e-06 0)
(0.000678019 -1.02032e-06 0)
(0.000677396 -9.52938e-07 0)
(0.00067682 -8.85558e-07 0)
(0.000676289 -8.1873e-07 0)
(0.000675802 -7.53077e-07 0)
(0.000675357 -6.89319e-07 0)
(0.000674953 -6.28141e-07 0)
(0.000674586 -5.70273e-07 0)
(0.000674254 -5.16293e-07 0)
(0.000673953 -4.66786e-07 0)
(0.000673681 -4.22097e-07 0)
(0.000673432 -3.82552e-07 0)
(0.000673205 -3.48188e-07 0)
(0.000672995 -3.1903e-07 0)
(0.0006728 -2.94813e-07 0)
(0.000672616 -2.75317e-07 0)
(0.00067244 -2.60079e-07 0)
(0.000672271 -2.4875e-07 0)
(0.000672105 -2.40784e-07 0)
(0.000671942 -2.35782e-07 0)
(0.00067178 -2.33164e-07 0)
(0.000671618 -2.32514e-07 0)
(0.000671455 -2.33271e-07 0)
(0.00067129 -2.35068e-07 0)
(0.000671124 -2.37433e-07 0)
(0.000670956 -2.4012e-07 0)
(0.000670785 -2.42792e-07 0)
(0.000670614 -2.45319e-07 0)
(0.000670441 -2.47451e-07 0)
(0.000670267 -2.49099e-07 0)
(0.000670093 -2.50056e-07 0)
(0.000669918 -2.50308e-07 0)
(0.000669745 -2.49759e-07 0)
(0.000669572 -2.48506e-07 0)
(0.000669401 -2.46534e-07 0)
(0.000669232 -2.43965e-07 0)
(0.000669066 -2.40789e-07 0)
(0.000668902 -2.3714e-07 0)
(0.00066874 -2.33041e-07 0)
(0.000668582 -2.28665e-07 0)
(0.000668427 -2.24075e-07 0)
(0.000668275 -2.19463e-07 0)
(0.000668126 -2.1488e-07 0)
(0.00066798 -2.10462e-07 0)
(0.000667837 -2.06178e-07 0)
(0.000667696 -2.02085e-07 0)
(0.000667559 -1.98094e-07 0)
(0.000667424 -1.94233e-07 0)
(0.000667292 -1.90445e-07 0)
(0.000667163 -1.86817e-07 0)
(0.000667036 -1.83306e-07 0)
(0.000666912 -1.79953e-07 0)
(0.00066679 -1.76674e-07 0)
(0.00066667 -1.73525e-07 0)
(0.000666552 -1.70505e-07 0)
(0.000666437 -1.67819e-07 0)
(0.000666324 -1.65592e-07 0)
(0.000666212 -1.63824e-07 0)
(0.000666102 -1.62248e-07 0)
(0.000665994 -1.60657e-07 0)
(0.000665888 -1.58932e-07 0)
(0.000665784 -1.57111e-07 0)
(0.000665682 -1.5527e-07 0)
(0.000665582 -1.52999e-07 0)
(0.000665485 -1.50454e-07 0)
(0.00066539 -1.48399e-07 0)
(0.000665297 -1.45816e-07 0)
(0.000665206 -1.42695e-07 0)
(0.000665118 -1.39812e-07 0)
(0.000665033 -1.35745e-07 0)
(0.000664951 -1.29751e-07 0)
(0.000664878 -1.234e-07 0)
(0.000664804 -1.22481e-07 0)
(0.000664733 -1.20016e-07 0)
(0.00066467 -1.20894e-07 0)
(0.000664593 -1.3121e-07 0)
(0.000664533 -1.24236e-07 0)
(0.00066449 -9.58436e-08 0)
(0.000664446 -6.454e-08 0)
(0.000664411 -3.52861e-08 0)
(0.00066442 -2.60778e-08 0)
(0.000664421 -2.06146e-08 0)
(0.000664414 -1.4345e-08 0)
(0.000664383 -1.19454e-08 0)
(0.000664388 -8.80955e-09 0)
(0.000664405 -1.0465e-08 0)
(0.000664402 -1.13297e-08 0)
(0.000664391 -1.22615e-08 0)
(0.000664372 -1.97942e-08 0)
(0.000664362 -3.1175e-08 0)
(0.000664356 -4.1526e-08 0)
(0.000664261 -5.6624e-08 0)
(0.000664246 -6.7469e-08 0)
(0.000664144 -7.96935e-08 0)
(0.00066412 -8.9112e-08 0)
(0.00066401 -9.69381e-08 0)
(0.000663989 -1.03693e-07 0)
(0.000663899 -1.0766e-07 0)
(0.000663797 -1.032e-07 0)
(0.000663789 -8.9107e-08 0)
(0.000663738 -7.669e-08 0)
(0.000663673 -7.67743e-08 0)
(0.000663601 -8.42694e-08 0)
(0.000663539 -9.21581e-08 0)
(0.000663465 -9.87337e-08 0)
(0.000663404 -9.72048e-08 0)
(0.000663347 -8.40032e-08 0)
(0.000663303 -7.14376e-08 0)
(0.000663232 -6.32906e-08 0)
(0.000663212 -5.53357e-08 0)
(0.000663177 -4.62827e-08 0)
(0.000663138 -3.77389e-08 0)
(0.000663063 -3.27394e-08 0)
(0.000663068 -3.32181e-08 0)
(0.000662989 -3.55474e-08 0)
(0.00066298 -3.25561e-08 0)
(0.000662965 -2.26474e-08 0)
(0.000662956 -1.43344e-08 0)
(0.000662966 -1.08758e-08 0)
(0.000662931 -1.59111e-08 0)
(0.00066287 -2.26801e-08 0)
(0.000662848 -2.18397e-08 0)
(0.000662823 -2.25701e-08 0)
(0.000662818 -2.6014e-08 0)
(0.000662832 -2.97007e-08 0)
(0.00066279 -4.04614e-08 0)
(0.000662752 -4.01157e-08 0)
(0.000662686 -2.89432e-08 0)
(0.000662688 -2.09607e-08 0)
(0.00066266 -2.3869e-08 0)
(0.00100692 -9.96356e-05 0)
(0.00105651 -0.000169965 0)
(0.00104727 -0.000170211 0)
(0.00101296 -0.0001557 0)
(0.000954947 -0.000127507 0)
(0.000898037 -9.97656e-05 0)
(0.00084267 -7.54999e-05 0)
(0.000792367 -5.64013e-05 0)
(0.000748698 -4.22361e-05 0)
(0.000711636 -3.2049e-05 0)
(0.000680492 -2.48002e-05 0)
(0.000654385 -1.96275e-05 0)
(0.000632438 -1.58857e-05 0)
(0.00061387 -1.31247e-05 0)
(0.000598033 -1.10427e-05 0)
(0.000584403 -9.43889e-06 0)
(0.000572566 -8.17946e-06 0)
(0.000562193 -7.17367e-06 0)
(0.000553027 -6.35855e-06 0)
(0.000544861 -5.68903e-06 0)
(0.000537532 -5.13224e-06 0)
(0.000530909 -4.66394e-06 0)
(0.000524886 -4.26589e-06 0)
(0.000519379 -3.92419e-06 0)
(0.000514317 -3.62807e-06 0)
(0.000509642 -3.36919e-06 0)
(0.000505306 -3.14099e-06 0)
(0.000501271 -2.93827e-06 0)
(0.000497502 -2.75689e-06 0)
(0.000493971 -2.59356e-06 0)
(0.000490656 -2.44558e-06 0)
(0.000487534 -2.31079e-06 0)
(0.000484589 -2.18742e-06 0)
(0.000481805 -2.07399e-06 0)
(0.00047917 -1.9693e-06 0)
(0.00047667 -1.87232e-06 0)
(0.000474297 -1.7822e-06 0)
(0.00047204 -1.69822e-06 0)
(0.000469892 -1.61975e-06 0)
(0.000467845 -1.54625e-06 0)
(0.000465894 -1.47728e-06 0)
(0.00046403 -1.4124e-06 0)
(0.000462251 -1.35129e-06 0)
(0.000460549 -1.29361e-06 0)
(0.000458922 -1.23911e-06 0)
(0.000457364 -1.18752e-06 0)
(0.000455872 -1.13863e-06 0)
(0.000454443 -1.09224e-06 0)
(0.000453073 -1.04819e-06 0)
(0.000451759 -1.00631e-06 0)
(0.000450498 -9.66466e-07 0)
(0.000449288 -9.28528e-07 0)
(0.000448126 -8.9238e-07 0)
(0.000447011 -8.57921e-07 0)
(0.000445939 -8.25046e-07 0)
(0.000444909 -7.93669e-07 0)
(0.000443919 -7.63687e-07 0)
(0.000442968 -7.35008e-07 0)
(0.000442053 -7.07514e-07 0)
(0.000441174 -6.81093e-07 0)
(0.00044033 -6.55592e-07 0)
(0.000439518 -6.30869e-07 0)
(0.00043874 -6.06738e-07 0)
(0.000437993 -5.83028e-07 0)
(0.000437278 -5.59531e-07 0)
(0.000436595 -5.3607e-07 0)
(0.000435943 -5.12453e-07 0)
(0.000435324 -4.88536e-07 0)
(0.000434737 -4.64196e-07 0)
(0.000434182 -4.39373e-07 0)
(0.000433661 -4.14063e-07 0)
(0.000433174 -3.88326e-07 0)
(0.00043272 -3.62299e-07 0)
(0.0004323 -3.36165e-07 0)
(0.000431912 -3.10183e-07 0)
(0.000431557 -2.84619e-07 0)
(0.000431233 -2.598e-07 0)
(0.000430939 -2.3601e-07 0)
(0.000430672 -2.1357e-07 0)
(0.000430431 -1.9271e-07 0)
(0.000430213 -1.73679e-07 0)
(0.000430016 -1.56594e-07 0)
(0.000429837 -1.41579e-07 0)
(0.000429674 -1.28618e-07 0)
(0.000429524 -1.17713e-07 0)
(0.000429384 -1.08738e-07 0)
(0.000429252 -1.01618e-07 0)
(0.000429127 -9.61622e-08 0)
(0.000429007 -9.22403e-08 0)
(0.000428889 -8.96139e-08 0)
(0.000428773 -8.81109e-08 0)
(0.000428657 -8.74728e-08 0)
(0.000428542 -8.7532e-08 0)
(0.000428426 -8.80626e-08 0)
(0.000428308 -8.89447e-08 0)
(0.000428189 -9.00086e-08 0)
(0.000428069 -9.118e-08 0)
(0.000427948 -9.23235e-08 0)
(0.000427825 -9.3382e-08 0)
(0.000427701 -9.42367e-08 0)
(0.000427577 -9.48562e-08 0)
(0.000427452 -9.51686e-08 0)
(0.000427328 -9.5197e-08 0)
(0.000427204 -9.49139e-08 0)
(0.000427081 -9.43607e-08 0)
(0.000426959 -9.35129e-08 0)
(0.000426838 -9.24157e-08 0)
(0.00042672 -9.10634e-08 0)
(0.000426603 -8.95308e-08 0)
(0.000426488 -8.78431e-08 0)
(0.000426376 -8.60948e-08 0)
(0.000426265 -8.43123e-08 0)
(0.000426157 -8.25668e-08 0)
(0.000426052 -8.08459e-08 0)
(0.000425948 -7.91848e-08 0)
(0.000425847 -7.75533e-08 0)
(0.000425748 -7.59842e-08 0)
(0.00042565 -7.44562e-08 0)
(0.000425555 -7.30123e-08 0)
(0.000425461 -7.1633e-08 0)
(0.000425369 -7.03349e-08 0)
(0.000425279 -6.90645e-08 0)
(0.00042519 -6.78323e-08 0)
(0.000425103 -6.66231e-08 0)
(0.000425018 -6.55217e-08 0)
(0.000424934 -6.46279e-08 0)
(0.000424851 -6.40314e-08 0)
(0.000424769 -6.36059e-08 0)
(0.000424689 -6.32214e-08 0)
(0.000424609 -6.27788e-08 0)
(0.00042453 -6.23186e-08 0)
(0.000424451 -6.1913e-08 0)
(0.000424374 -6.15325e-08 0)
(0.000424298 -6.09798e-08 0)
(0.000424223 -6.06305e-08 0)
(0.000424148 -6.06197e-08 0)
(0.000424075 -6.01757e-08 0)
(0.000424003 -5.95419e-08 0)
(0.000423932 -5.90134e-08 0)
(0.000423863 -5.78042e-08 0)
(0.000423797 -5.47957e-08 0)
(0.000423737 -5.08146e-08 0)
(0.000423679 -4.98843e-08 0)
(0.000423619 -5.1281e-08 0)
(0.000423559 -5.42952e-08 0)
(0.000423496 -6.02901e-08 0)
(0.000423432 -5.73017e-08 0)
(0.000423379 -4.16825e-08 0)
(0.000423345 -2.34442e-08 0)
(0.000423325 -1.55874e-08 0)
(0.000423322 -1.78165e-08 0)
(0.000423307 -1.7058e-08 0)
(0.000423284 -1.51553e-08 0)
(0.000423278 -1.21556e-08 0)
(0.000423284 -8.96767e-09 0)
(0.00042329 -5.65265e-09 0)
(0.000423283 -4.04408e-09 0)
(0.000423265 -4.91482e-09 0)
(0.000423255 -6.9333e-09 0)
(0.000423253 -1.08385e-08 0)
(0.000423245 -1.19072e-08 0)
(0.000423207 -1.64804e-08 0)
(0.000423179 -2.15515e-08 0)
(0.000423136 -2.72864e-08 0)
(0.0004231 -3.32174e-08 0)
(0.000423047 -3.88264e-08 0)
(0.000423002 -4.26521e-08 0)
(0.00042294 -4.63041e-08 0)
(0.000422878 -4.65191e-08 0)
(0.000422841 -3.69279e-08 0)
(0.000422805 -2.53956e-08 0)
(0.000422769 -2.22636e-08 0)
(0.000422728 -2.61466e-08 0)
(0.000422682 -3.27077e-08 0)
(0.000422632 -3.84347e-08 0)
(0.000422586 -3.6934e-08 0)
(0.000422541 -3.30109e-08 0)
(0.000422503 -3.01791e-08 0)
(0.000422466 -2.69337e-08 0)
(0.000422439 -2.36604e-08 0)
(0.000422416 -1.43626e-08 0)
(0.000422399 -6.57329e-09 0)
(0.000422376 -7.61608e-09 0)
(0.000422365 -8.02038e-09 0)
(0.000422335 -1.06029e-08 0)
(0.000422318 -1.32576e-08 0)
(0.000422312 -8.73085e-09 0)
(0.000422318 -5.25449e-09 0)
(0.000422317 -7.82071e-10 0)
(0.0004223 5.24452e-10 0)
(0.000422282 -2.97532e-09 0)
(0.000422278 -7.862e-09 0)
(0.000422275 -1.14968e-08 0)
(0.000422268 -1.09336e-08 0)
(0.000422259 -8.76483e-09 0)
(0.00042223 -1.04474e-08 0)
(0.000422202 -1.17488e-08 0)
(0.00042217 -9.45633e-09 0)
(0.000422176 -4.04711e-10 0)
(0.000422168 -1.35305e-09 0)
(0.0008769 -5.93305e-05 0)
(0.000797323 -8.12047e-05 0)
(0.00066999 -6.34383e-05 0)
(0.000546122 -4.17114e-05 0)
(0.000453626 -2.48358e-05 0)
(0.000388422 -1.46022e-05 0)
(0.000341208 -8.2601e-06 0)
(0.000307062 -4.59823e-06 0)
(0.000282392 -2.63514e-06 0)
(0.000264225 -1.61633e-06 0)
(0.000250453 -1.0875e-06 0)
(0.000239704 -8.0648e-07 0)
(0.000231085 -6.47781e-07 0)
(0.000224008 -5.49015e-07 0)
(0.000218081 -4.80873e-07 0)
(0.000213034 -4.29676e-07 0)
(0.000208675 -3.89033e-07 0)
(0.000204865 -3.55735e-07 0)
(0.000201497 -3.27932e-07 0)
(0.000198493 -3.04352e-07 0)
(0.000195789 -2.84067e-07 0)
(0.000193337 -2.664e-07 0)
(0.000191098 -2.50832e-07 0)
(0.000189042 -2.3695e-07 0)
(0.000187144 -2.24438e-07 0)
(0.000185383 -2.13051e-07 0)
(0.000183743 -2.02601e-07 0)
(0.00018221 -1.92944e-07 0)
(0.000180772 -1.83969e-07 0)
(0.00017942 -1.75588e-07 0)
(0.000178146 -1.67732e-07 0)
(0.000176943 -1.60347e-07 0)
(0.000175804 -1.53387e-07 0)
(0.000174725 -1.46815e-07 0)
(0.0001737 -1.40601e-07 0)
(0.000172726 -1.34717e-07 0)
(0.000171799 -1.2914e-07 0)
(0.000170915 -1.23849e-07 0)
(0.000170073 -1.18825e-07 0)
(0.000169269 -1.14051e-07 0)
(0.000168501 -1.0951e-07 0)
(0.000167767 -1.05188e-07 0)
(0.000167064 -1.01072e-07 0)
(0.000166392 -9.71484e-08 0)
(0.000165748 -9.34062e-08 0)
(0.000165131 -8.98353e-08 0)
(0.000164539 -8.64253e-08 0)
(0.000163971 -8.31684e-08 0)
(0.000163426 -8.00554e-08 0)
(0.000162903 -7.70812e-08 0)
(0.000162401 -7.42371e-08 0)
(0.000161918 -7.15206e-08 0)
(0.000161455 -6.89233e-08 0)
(0.000161009 -6.64459e-08 0)
(0.00016058 -6.40803e-08 0)
(0.000160167 -6.18309e-08 0)
(0.00015977 -5.96884e-08 0)
(0.000159388 -5.76591e-08 0)
(0.00015902 -5.57304e-08 0)
(0.000158666 -5.39081e-08 0)
(0.000158325 -5.21744e-08 0)
(0.000157997 -5.05321e-08 0)
(0.000157681 -4.89571e-08 0)
(0.000157377 -4.7446e-08 0)
(0.000157085 -4.59676e-08 0)
(0.000156805 -4.45109e-08 0)
(0.000156536 -4.30409e-08 0)
(0.000156281 -4.15412e-08 0)
(0.000156037 -3.9981e-08 0)
(0.000155806 -3.83445e-08 0)
(0.000155589 -3.66143e-08 0)
(0.000155384 -3.47812e-08 0)
(0.000155193 -3.28492e-08 0)
(0.000155016 -3.08189e-08 0)
(0.000154852 -2.87178e-08 0)
(0.000154701 -2.65552e-08 0)
(0.000154564 -2.43786e-08 0)
(0.000154439 -2.22011e-08 0)
(0.000154326 -2.00829e-08 0)
(0.000154224 -1.80328e-08 0)
(0.000154132 -1.61124e-08 0)
(0.00015405 -1.43163e-08 0)
(0.000153976 -1.26973e-08 0)
(0.000153908 -1.12333e-08 0)
(0.000153847 -9.96814e-09 0)
(0.00015379 -8.86969e-09 0)
(0.000153738 -7.97688e-09 0)
(0.000153688 -7.24914e-09 0)
(0.000153641 -6.71394e-09 0)
(0.000153595 -6.31571e-09 0)
(0.000153549 -6.06768e-09 0)
(0.000153505 -5.90768e-09 0)
(0.00015346 -5.84887e-09 0)
(0.000153415 -5.83785e-09 0)
(0.000153369 -5.89659e-09 0)
(0.000153323 -5.98093e-09 0)
(0.000153277 -6.11401e-09 0)
(0.000153229 -6.25013e-09 0)
(0.000153181 -6.40625e-09 0)
(0.000153133 -6.53625e-09 0)
(0.000153084 -6.66126e-09 0)
(0.000153035 -6.74718e-09 0)
(0.000152986 -6.82463e-09 0)
(0.000152937 -6.86369e-09 0)
(0.000152888 -6.8905e-09 0)
(0.00015284 -6.87093e-09 0)
(0.000152792 -6.83107e-09 0)
(0.000152745 -6.74427e-09 0)
(0.000152698 -6.64611e-09 0)
(0.000152653 -6.51838e-09 0)
(0.000152608 -6.3993e-09 0)
(0.000152564 -6.26715e-09 0)
(0.000152522 -6.14965e-09 0)
(0.00015248 -6.01542e-09 0)
(0.000152439 -5.88865e-09 0)
(0.000152399 -5.74347e-09 0)
(0.00015236 -5.61202e-09 0)
(0.000152321 -5.4763e-09 0)
(0.000152283 -5.36905e-09 0)
(0.000152246 -5.2653e-09 0)
(0.00015221 -5.18129e-09 0)
(0.000152174 -5.08221e-09 0)
(0.000152139 -4.98716e-09 0)
(0.000152104 -4.87799e-09 0)
(0.000152071 -4.8051e-09 0)
(0.000152037 -4.78319e-09 0)
(0.000152004 -4.82573e-09 0)
(0.000151971 -4.85815e-09 0)
(0.000151939 -4.86485e-09 0)
(0.000151907 -4.83824e-09 0)
(0.000151875 -4.835e-09 0)
(0.000151843 -4.87318e-09 0)
(0.000151811 -4.91677e-09 0)
(0.000151779 -4.93665e-09 0)
(0.000151748 -5.0619e-09 0)
(0.000151716 -5.24683e-09 0)
(0.000151685 -5.34636e-09 0)
(0.000151654 -5.56096e-09 0)
(0.000151624 -5.85901e-09 0)
(0.000151594 -5.85118e-09 0)
(0.000151566 -5.11485e-09 0)
(0.00015154 -4.08341e-09 0)
(0.000151514 -4.16155e-09 0)
(0.000151486 -5.17883e-09 0)
(0.000151459 -6.04524e-09 0)
(0.000151429 -6.91013e-09 0)
(0.000151397 -5.82017e-09 0)
(0.00015137 -3.07313e-09 0)
(0.000151351 -1.24167e-09 0)
(0.000151338 -2.56027e-09 0)
(0.000151328 -4.96156e-09 0)
(0.000151317 -4.29915e-09 0)
(0.000151308 -3.87369e-09 0)
(0.000151304 -3.65341e-09 0)
(0.000151302 -3.63474e-09 0)
(0.0001513 -2.27491e-09 0)
(0.000151298 -7.37605e-10 0)
(0.000151294 -9.75485e-10 0)
(0.000151293 -1.43334e-09 0)
(0.000151292 -7.58073e-10 0)
(0.00015129 4.15437e-10 0)
(0.000151281 2.34051e-10 0)
(0.000151273 -3.45765e-10 0)
(0.000151261 -1.00485e-09 0)
(0.000151245 -1.80646e-09 0)
(0.000151226 -2.70207e-09 0)
(0.000151204 -3.79385e-09 0)
(0.000151178 -5.63947e-09 0)
(0.000151154 -5.99492e-09 0)
(0.000151136 -3.32067e-09 0)
(0.000151122 -1.76462e-10 0)
(0.00015111 1.02845e-09 0)
(0.000151095 1.81939e-10 0)
(0.000151078 -1.85174e-09 0)
(0.000151058 -3.62765e-09 0)
(0.000151039 -3.35849e-09 0)
(0.000151021 -3.33277e-09 0)
(0.000151005 -3.70523e-09 0)
(0.000150991 -3.38749e-09 0)
(0.00015098 -2.97475e-09 0)
(0.000150972 -6.9263e-10 0)
(0.000150968 1.07899e-09 0)
(0.000150964 5.93113e-10 0)
(0.000150958 3.22248e-10 0)
(0.00015095 -1.00525e-09 0)
(0.000150941 -2.50293e-09 0)
(0.000150937 -2.04872e-09 0)
(0.000150939 -4.06894e-10 0)
(0.000150941 2.27836e-09 0)
(0.000150943 2.43562e-09 0)
(0.000150944 8.99898e-10 0)
(0.00015094 -1.45551e-09 0)
(0.000150934 -2.9256e-09 0)
(0.000150933 -8.39919e-10 0)
(0.000150931 1.19944e-09 0)
(0.000150924 1.01082e-09 0)
(0.000150916 4.42182e-11 0)
(0.000150908 -3.15792e-10 0)
(0.000150909 1.32019e-09 0)
(0.000150906 5.89093e-10 0)
)
;

boundaryField
{
    inlet
    {
        type            fixedValue;
        value           uniform (0.001 0 0);
    }
    outlet
    {
        type            zeroGradient;
    }
    walls
    {
        type            noSlip;
    }
    frontAndBack
    {
        type            empty;
    }
}


// ************************************************************************* //
