/*--------------------------------*- C++ -*----------------------------------*\
| =========                 |                                                 |
| \\      /  F ield         | OpenFOAM: The Open Source CFD Toolbox           |
|  \\    /   O peration     | Version:  2412                                  |
|   \\  /    A nd           | Website:  www.openfoam.com                      |
|    \\/     M anipulation  |                                                 |
\*---------------------------------------------------------------------------*/
FoamFile
{
    version     2.0;
    format      ascii;
    arch        "LSB;label=32;scalar=64";
    class       volVectorField;
    location    "107";
    object      U;
}
// * * * * * * * * * * * * * * * * * * * * * * * * * * * * * * * * * * * * * //

dimensions      [0 1 -1 0 0 0 0];

internalField   nonuniform List<vector> 
4000
(
(0.000876901 5.933e-05 0)
(0.000797325 8.12036e-05 0)
(0.000669985 6.34393e-05 0)
(0.000546138 4.17261e-05 0)
(0.000453599 2.48121e-05 0)
(0.000388437 1.46088e-05 0)
(0.000341212 8.25999e-06 0)
(0.000307062 4.59734e-06 0)
(0.000282392 2.63487e-06 0)
(0.000264225 1.61636e-06 0)
(0.000250454 1.08759e-06 0)
(0.000239705 8.0655e-07 0)
(0.000231086 6.47826e-07 0)
(0.000224009 5.4904e-07 0)
(0.000218082 4.80887e-07 0)
(0.000213035 4.29687e-07 0)
(0.000208676 3.89046e-07 0)
(0.000204865 3.55751e-07 0)
(0.000201497 3.2795e-07 0)
(0.000198493 3.04371e-07 0)
(0.000195789 2.84086e-07 0)
(0.000193336 2.66419e-07 0)
(0.000191098 2.50849e-07 0)
(0.000189042 2.36967e-07 0)
(0.000187143 2.24454e-07 0)
(0.000185382 2.13067e-07 0)
(0.000183742 2.02616e-07 0)
(0.000182209 1.92958e-07 0)
(0.000180771 1.8398e-07 0)
(0.000179419 1.75597e-07 0)
(0.000178145 1.6774e-07 0)
(0.000176942 1.60355e-07 0)
(0.000175803 1.53395e-07 0)
(0.000174723 1.46826e-07 0)
(0.000173698 1.40615e-07 0)
(0.000172724 1.34735e-07 0)
(0.000171797 1.29162e-07 0)
(0.000170913 1.23874e-07 0)
(0.000170071 1.18854e-07 0)
(0.000169267 1.14083e-07 0)
(0.000168498 1.09545e-07 0)
(0.000167764 1.05226e-07 0)
(0.000167061 1.01113e-07 0)
(0.000166388 9.7193e-08 0)
(0.000165744 9.34542e-08 0)
(0.000165126 8.9886e-08 0)
(0.000164534 8.64783e-08 0)
(0.000163965 8.3222e-08 0)
(0.00016342 8.01086e-08 0)
(0.000162896 7.713e-08 0)
(0.000162394 7.42791e-08 0)
(0.00016191 7.15493e-08 0)
(0.000161446 6.89351e-08 0)
(0.000160999 6.64311e-08 0)
(0.00016057 6.40332e-08 0)
(0.000160157 6.17369e-08 0)
(0.000159759 5.95395e-08 0)
(0.000159376 5.74366e-08 0)
(0.000159008 5.54267e-08 0)
(0.000158653 5.35056e-08 0)
(0.000158311 5.16733e-08 0)
(0.000157982 4.99251e-08 0)
(0.000157664 4.82613e-08 0)
(0.000157359 4.6675e-08 0)
(0.000157064 4.51648e-08 0)
(0.000156779 4.37193e-08 0)
(0.000156506 4.23339e-08 0)
(0.000156242 4.09924e-08 0)
(0.000155988 3.96869e-08 0)
(0.000155745 3.83983e-08 0)
(0.000155511 3.71169e-08 0)
(0.000155287 3.58231e-08 0)
(0.000155073 3.45068e-08 0)
(0.000154869 3.31513e-08 0)
(0.000154675 3.17494e-08 0)
(0.000154492 3.02922e-08 0)
(0.000154319 2.87794e-08 0)
(0.000154156 2.72146e-08 0)
(0.000154004 2.56054e-08 0)
(0.000153863 2.39673e-08 0)
(0.000153731 2.2313e-08 0)
(0.00015361 2.06665e-08 0)
(0.000153498 1.90416e-08 0)
(0.000153394 1.74669e-08 0)
(0.0001533 1.59529e-08 0)
(0.000153213 1.4528e-08 0)
(0.000153134 1.31959e-08 0)
(0.000153061 1.19804e-08 0)
(0.000152993 1.08759e-08 0)
(0.000152931 9.89966e-09 0)
(0.000152874 9.03634e-09 0)
(0.00015282 8.29634e-09 0)
(0.000152769 7.65725e-09 0)
(0.000152722 7.12547e-09 0)
(0.000152676 6.67502e-09 0)
(0.000152633 6.31059e-09 0)
(0.000152591 6.00506e-09 0)
(0.00015255 5.76353e-09 0)
(0.000152511 5.56065e-09 0)
(0.000152472 5.40453e-09 0)
(0.000152435 5.27385e-09 0)
(0.000152398 5.17948e-09 0)
(0.000152361 5.10117e-09 0)
(0.000152325 5.04827e-09 0)
(0.000152289 4.99952e-09 0)
(0.000152254 4.9644e-09 0)
(0.000152219 4.92431e-09 0)
(0.000152185 4.89193e-09 0)
(0.00015215 4.85243e-09 0)
(0.000152116 4.82131e-09 0)
(0.000152082 4.78534e-09 0)
(0.000152049 4.75871e-09 0)
(0.000152016 4.72497e-09 0)
(0.000151983 4.69503e-09 0)
(0.00015195 4.65225e-09 0)
(0.000151918 4.60979e-09 0)
(0.000151886 4.55743e-09 0)
(0.000151854 4.51462e-09 0)
(0.000151822 4.47627e-09 0)
(0.00015179 4.45763e-09 0)
(0.000151758 4.45026e-09 0)
(0.000151726 4.44895e-09 0)
(0.000151695 4.44187e-09 0)
(0.000151663 4.41935e-09 0)
(0.000151632 4.37938e-09 0)
(0.000151601 4.35914e-09 0)
(0.000151569 4.34062e-09 0)
(0.000151538 4.33342e-09 0)
(0.000151507 4.29199e-09 0)
(0.000151476 4.21681e-09 0)
(0.000151445 4.11142e-09 0)
(0.000151414 4.01162e-09 0)
(0.000151383 3.91557e-09 0)
(0.000151353 3.84683e-09 0)
(0.000151322 3.79156e-09 0)
(0.000151291 3.75421e-09 0)
(0.00015126 3.72557e-09 0)
(0.000151228 3.73442e-09 0)
(0.000151196 3.79894e-09 0)
(0.000151163 3.93564e-09 0)
(0.000151128 4.15706e-09 0)
(0.000151093 4.43385e-09 0)
(0.000151056 4.76131e-09 0)
(0.000151018 5.12457e-09 0)
(0.000150979 5.52878e-09 0)
(0.000150938 5.96635e-09 0)
(0.000150897 6.34672e-09 0)
(0.000150856 6.52439e-09 0)
(0.000150815 6.4824e-09 0)
(0.000150774 6.23685e-09 0)
(0.000150736 6.07591e-09 0)
(0.000150698 6.0676e-09 0)
(0.000150663 6.0573e-09 0)
(0.000150629 5.95241e-09 0)
(0.000150597 5.81665e-09 0)
(0.000150567 5.9629e-09 0)
(0.00015054 6.01851e-09 0)
(0.000150515 5.62402e-09 0)
(0.000150492 4.8806e-09 0)
(0.000150473 3.98929e-09 0)
(0.000150458 2.52808e-09 0)
(0.000150443 3.73391e-09 0)
(0.000150425 5.92642e-09 0)
(0.000150408 4.38632e-09 0)
(0.000150396 1.75804e-09 0)
(0.000150391 1.08825e-09 0)
(0.000150389 1.68808e-09 0)
(0.000150387 2.24579e-09 0)
(0.000150386 2.64985e-09 0)
(0.000150385 3.1997e-09 0)
(0.000150386 2.73045e-09 0)
(0.00015039 6.40678e-10 0)
(0.000150398 -1.38242e-09 0)
(0.000150409 -2.26506e-09 0)
(0.000150423 -2.61325e-09 0)
(0.000150437 -2.95678e-09 0)
(0.000150451 -2.45621e-09 0)
(0.000150464 -1.26756e-09 0)
(0.000150476 -1.06513e-09 0)
(0.000150489 -2.08505e-09 0)
(0.000150503 -3.27822e-09 0)
(0.000150516 -2.93606e-09 0)
(0.000150529 -2.20318e-09 0)
(0.000150537 -7.44053e-10 0)
(0.000150541 -1.44298e-10 0)
(0.000150546 -4.26228e-10 0)
(0.00015055 -1.15523e-10 0)
(0.000150552 4.28101e-10 0)
(0.000150556 4.48885e-11 0)
(0.000150559 6.06266e-12 0)
(0.000150558 6.52539e-11 0)
(0.000150555 6.20333e-10 0)
(0.000150554 1.07531e-09 0)
(0.000150551 9.85532e-10 0)
(0.000150547 9.36494e-11 0)
(0.000150545 -9.3932e-10 0)
(0.000150542 -2.81567e-10 0)
(0.000150541 -3.26819e-10 0)
(0.000150543 -1.30252e-09 0)
(0.00015054 -1.39427e-10 0)
(0.00100693 9.9634e-05 0)
(0.00105651 0.000169965 0)
(0.00104725 0.000170199 0)
(0.00101298 0.000155764 0)
(0.000954888 0.000127462 0)
(0.000898077 9.97705e-05 0)
(0.00084268 7.55052e-05 0)
(0.000792372 5.64008e-05 0)
(0.000748701 4.22361e-05 0)
(0.000711638 3.20493e-05 0)
(0.000680494 2.48004e-05 0)
(0.000654387 1.96277e-05 0)
(0.000632439 1.5886e-05 0)
(0.000613871 1.31249e-05 0)
(0.000598034 1.10429e-05 0)
(0.000584404 9.43908e-06 0)
(0.000572566 8.17966e-06 0)
(0.000562194 7.17388e-06 0)
(0.000553027 6.35877e-06 0)
(0.000544861 5.68925e-06 0)
(0.000537531 5.13247e-06 0)
(0.000530908 4.66416e-06 0)
(0.000524886 4.26611e-06 0)
(0.000519378 3.92439e-06 0)
(0.000514315 3.62826e-06 0)
(0.00050964 3.36937e-06 0)
(0.000505304 3.14115e-06 0)
(0.000501269 2.93842e-06 0)
(0.0004975 2.75704e-06 0)
(0.000493969 2.59371e-06 0)
(0.000490653 2.44574e-06 0)
(0.000487531 2.31097e-06 0)
(0.000484586 2.18762e-06 0)
(0.000481802 2.07423e-06 0)
(0.000479166 1.96957e-06 0)
(0.000476666 1.87264e-06 0)
(0.000474292 1.78257e-06 0)
(0.000472035 1.69864e-06 0)
(0.000469886 1.62022e-06 0)
(0.000467839 1.54679e-06 0)
(0.000465886 1.47787e-06 0)
(0.000464022 1.41306e-06 0)
(0.000462241 1.35201e-06 0)
(0.000460539 1.2944e-06 0)
(0.00045891 1.23996e-06 0)
(0.000457351 1.18845e-06 0)
(0.000455858 1.13963e-06 0)
(0.000454427 1.09333e-06 0)
(0.000453055 1.04935e-06 0)
(0.000451739 1.00754e-06 0)
(0.000450477 9.67754e-07 0)
(0.000449265 9.29863e-07 0)
(0.000448101 8.9375e-07 0)
(0.000446983 8.59308e-07 0)
(0.000445908 8.2644e-07 0)
(0.000444875 7.9506e-07 0)
(0.000443882 7.65085e-07 0)
(0.000442927 7.3644e-07 0)
(0.000442009 7.09052e-07 0)
(0.000441125 6.82849e-07 0)
(0.000440274 6.5776e-07 0)
(0.000439455 6.3371e-07 0)
(0.000438667 6.1062e-07 0)
(0.000437908 5.88402e-07 0)
(0.000437178 5.66962e-07 0)
(0.000436476 5.4619e-07 0)
(0.000435801 5.25969e-07 0)
(0.000435152 5.06173e-07 0)
(0.000434529 4.86673e-07 0)
(0.000433931 4.6734e-07 0)
(0.00043336 4.48058e-07 0)
(0.000432814 4.28721e-07 0)
(0.000432293 4.09251e-07 0)
(0.000431799 3.89592e-07 0)
(0.00043133 3.69726e-07 0)
(0.000430887 3.49669e-07 0)
(0.000430471 3.29482e-07 0)
(0.00043008 3.09261e-07 0)
(0.000429714 2.89139e-07 0)
(0.000429374 2.69274e-07 0)
(0.000429058 2.49841e-07 0)
(0.000428766 2.31022e-07 0)
(0.000428497 2.12992e-07 0)
(0.000428248 1.95916e-07 0)
(0.000428019 1.79928e-07 0)
(0.000427809 1.65144e-07 0)
(0.000427615 1.51634e-07 0)
(0.000427436 1.39441e-07 0)
(0.000427271 1.28566e-07 0)
(0.000427117 1.18983e-07 0)
(0.000426974 1.1063e-07 0)
(0.00042684 1.03428e-07 0)
(0.000426713 9.72732e-08 0)
(0.000426593 9.2063e-08 0)
(0.000426478 8.76776e-08 0)
(0.000426368 8.40131e-08 0)
(0.000426262 8.0956e-08 0)
(0.000426159 7.84155e-08 0)
(0.000426059 7.62964e-08 0)
(0.000425961 7.45307e-08 0)
(0.000425866 7.3049e-08 0)
(0.000425772 7.18081e-08 0)
(0.000425679 7.07571e-08 0)
(0.000425588 6.98625e-08 0)
(0.000425498 6.90777e-08 0)
(0.000425409 6.83739e-08 0)
(0.000425321 6.77143e-08 0)
(0.000425234 6.70851e-08 0)
(0.000425148 6.64685e-08 0)
(0.000425062 6.58712e-08 0)
(0.000424978 6.52926e-08 0)
(0.000424894 6.47501e-08 0)
(0.00042481 6.4242e-08 0)
(0.000424728 6.37768e-08 0)
(0.000424646 6.33435e-08 0)
(0.000424564 6.29444e-08 0)
(0.000424483 6.25731e-08 0)
(0.000424403 6.22401e-08 0)
(0.000424322 6.19532e-08 0)
(0.000424242 6.17192e-08 0)
(0.000424162 6.15531e-08 0)
(0.000424082 6.14181e-08 0)
(0.000424002 6.13326e-08 0)
(0.000423923 6.12168e-08 0)
(0.000423843 6.10919e-08 0)
(0.000423764 6.10222e-08 0)
(0.000423684 6.09455e-08 0)
(0.000423605 6.08802e-08 0)
(0.000423525 6.07303e-08 0)
(0.000423446 6.04621e-08 0)
(0.000423366 6.01404e-08 0)
(0.000423287 5.98791e-08 0)
(0.000423207 5.97382e-08 0)
(0.000423127 5.97993e-08 0)
(0.000423046 6.00963e-08 0)
(0.000422965 6.06328e-08 0)
(0.000422882 6.13984e-08 0)
(0.000422798 6.24233e-08 0)
(0.000422712 6.37653e-08 0)
(0.000422623 6.54435e-08 0)
(0.000422533 6.75238e-08 0)
(0.000422439 6.98739e-08 0)
(0.000422343 7.24452e-08 0)
(0.000422245 7.50265e-08 0)
(0.000422144 7.74446e-08 0)
(0.000422041 7.94501e-08 0)
(0.000421937 8.06922e-08 0)
(0.000421834 8.07588e-08 0)
(0.000421732 7.96019e-08 0)
(0.000421633 7.71551e-08 0)
(0.000421538 7.42481e-08 0)
(0.000421447 7.13941e-08 0)
(0.00042136 6.84807e-08 0)
(0.000421279 6.50295e-08 0)
(0.000421203 6.11131e-08 0)
(0.000421131 5.7691e-08 0)
(0.000421066 5.39175e-08 0)
(0.000421007 4.92512e-08 0)
(0.000420955 4.36822e-08 0)
(0.00042091 3.67337e-08 0)
(0.000420877 2.74408e-08 0)
(0.000420847 2.81855e-08 0)
(0.00042081 3.46626e-08 0)
(0.000420781 2.90078e-08 0)
(0.000420763 1.66208e-08 0)
(0.00042076 7.53429e-09 0)
(0.000420763 5.34382e-09 0)
(0.000420763 4.02363e-09 0)
(0.000420766 2.80031e-09 0)
(0.000420773 2.48576e-09 0)
(0.000420782 -9.80674e-10 0)
(0.000420798 -1.00099e-08 0)
(0.000420822 -1.91342e-08 0)
(0.000420854 -2.48327e-08 0)
(0.000420889 -2.8616e-08 0)
(0.000420926 -3.13653e-08 0)
(0.000420963 -2.96467e-08 0)
(0.000420996 -2.45374e-08 0)
(0.000421027 -2.25305e-08 0)
(0.000421057 -2.4572e-08 0)
(0.000421088 -2.7002e-08 0)
(0.000421116 -2.49695e-08 0)
(0.000421144 -2.12e-08 0)
(0.00042116 -1.31311e-08 0)
(0.000421172 -8.13861e-09 0)
(0.000421191 -8.68468e-09 0)
(0.000421206 -7.40028e-09 0)
(0.000421207 -3.59012e-09 0)
(0.000421218 -2.99099e-09 0)
(0.000421228 -2.07336e-09 0)
(0.000421231 -1.5104e-09 0)
(0.000421217 8.71958e-10 0)
(0.000421219 4.20351e-09 0)
(0.000421221 4.06092e-09 0)
(0.000421224 3.19627e-09 0)
(0.000421216 4.09686e-09 0)
(0.000421194 8.89118e-09 0)
(0.000421175 8.01299e-09 0)
(0.000421178 1.65316e-09 0)
(0.000421171 3.14118e-09 0)
(0.00100229 5.8198e-05 0)
(0.00105402 0.000126883 0)
(0.0010916 0.00014683 0)
(0.00111151 0.000148708 0)
(0.00111214 0.000140616 0)
(0.00110467 0.000129911 0)
(0.00108547 0.000113154 0)
(0.001061 9.64296e-05 0)
(0.00103408 8.11653e-05 0)
(0.00100682 6.79427e-05 0)
(0.0009806 5.68322e-05 0)
(0.000956144 4.76954e-05 0)
(0.000933768 4.02665e-05 0)
(0.00091353 3.42503e-05 0)
(0.000895335 2.93785e-05 0)
(0.000879018 2.54201e-05 0)
(0.000864382 2.21876e-05 0)
(0.000851232 1.95317e-05 0)
(0.000839384 1.73348e-05 0)
(0.000828669 1.55037e-05 0)
(0.00081894 1.39652e-05 0)
(0.000810072 1.26623e-05 0)
(0.000801955 1.15501e-05 0)
(0.000794495 1.0593e-05 0)
(0.000787614 9.76312e-06 0)
(0.000781242 9.03802e-06 0)
(0.000775323 8.39988e-06 0)
(0.000769807 7.83439e-06 0)
(0.000764651 7.33001e-06 0)
(0.000759821 6.87736e-06 0)
(0.000755283 6.46884e-06 0)
(0.000751011 6.09818e-06 0)
(0.000746982 5.76024e-06 0)
(0.000743175 5.45076e-06 0)
(0.000739571 5.16618e-06 0)
(0.000736155 4.90353e-06 0)
(0.000732912 4.6603e-06 0)
(0.000729831 4.43435e-06 0)
(0.000726899 4.22387e-06 0)
(0.000724106 4.02729e-06 0)
(0.000721444 3.84328e-06 0)
(0.000718905 3.67064e-06 0)
(0.00071648 3.50838e-06 0)
(0.000714162 3.35558e-06 0)
(0.000711946 3.21146e-06 0)
(0.000709826 3.07531e-06 0)
(0.000707797 2.94652e-06 0)
(0.000705853 2.82453e-06 0)
(0.00070399 2.70884e-06 0)
(0.000702204 2.59901e-06 0)
(0.000700492 2.49462e-06 0)
(0.000698848 2.39533e-06 0)
(0.000697271 2.30079e-06 0)
(0.000695756 2.2107e-06 0)
(0.000694302 2.1248e-06 0)
(0.000692904 2.04284e-06 0)
(0.000691561 1.96457e-06 0)
(0.00069027 1.88978e-06 0)
(0.000689029 1.81826e-06 0)
(0.000687836 1.74979e-06 0)
(0.000686689 1.68415e-06 0)
(0.000685585 1.62114e-06 0)
(0.000684524 1.5605e-06 0)
(0.000683504 1.50201e-06 0)
(0.000682524 1.44538e-06 0)
(0.000681582 1.39035e-06 0)
(0.000680679 1.33661e-06 0)
(0.000679812 1.28386e-06 0)
(0.000678982 1.23181e-06 0)
(0.000678189 1.18017e-06 0)
(0.000677432 1.12868e-06 0)
(0.00067671 1.07717e-06 0)
(0.000676025 1.02548e-06 0)
(0.000675376 9.73564e-07 0)
(0.000674763 9.21442e-07 0)
(0.000674186 8.69226e-07 0)
(0.000673644 8.1711e-07 0)
(0.000673137 7.65372e-07 0)
(0.000672665 7.14355e-07 0)
(0.000672225 6.64447e-07 0)
(0.000671818 6.16065e-07 0)
(0.000671441 5.69617e-07 0)
(0.000671093 5.2549e-07 0)
(0.000670771 4.8402e-07 0)
(0.000670475 4.45483e-07 0)
(0.000670201 4.10072e-07 0)
(0.000669948 3.77905e-07 0)
(0.000669713 3.49006e-07 0)
(0.000669494 3.23332e-07 0)
(0.00066929 3.00755e-07 0)
(0.000669098 2.81105e-07 0)
(0.000668917 2.64149e-07 0)
(0.000668746 2.49642e-07 0)
(0.000668582 2.37304e-07 0)
(0.000668426 2.26874e-07 0)
(0.000668275 2.18083e-07 0)
(0.000668129 2.10693e-07 0)
(0.000667987 2.04473e-07 0)
(0.000667849 1.99229e-07 0)
(0.000667715 1.94781e-07 0)
(0.000667583 1.90988e-07 0)
(0.000667453 1.87726e-07 0)
(0.000667326 1.84904e-07 0)
(0.0006672 1.82431e-07 0)
(0.000667076 1.80236e-07 0)
(0.000666954 1.78242e-07 0)
(0.000666833 1.76393e-07 0)
(0.000666714 1.74636e-07 0)
(0.000666595 1.72949e-07 0)
(0.000666478 1.71318e-07 0)
(0.000666362 1.69761e-07 0)
(0.000666248 1.68299e-07 0)
(0.000666134 1.66965e-07 0)
(0.000666021 1.65778e-07 0)
(0.000665908 1.64743e-07 0)
(0.000665796 1.63841e-07 0)
(0.000665685 1.6306e-07 0)
(0.000665574 1.62369e-07 0)
(0.000665463 1.61768e-07 0)
(0.000665353 1.61229e-07 0)
(0.000665243 1.60806e-07 0)
(0.000665132 1.60438e-07 0)
(0.000665022 1.60273e-07 0)
(0.000664912 1.60144e-07 0)
(0.000664802 1.60117e-07 0)
(0.000664691 1.60226e-07 0)
(0.00066458 1.60243e-07 0)
(0.000664469 1.60246e-07 0)
(0.000664358 1.60165e-07 0)
(0.000664246 1.59997e-07 0)
(0.000664134 1.59896e-07 0)
(0.000664022 1.60022e-07 0)
(0.000663908 1.60455e-07 0)
(0.000663793 1.61348e-07 0)
(0.000663677 1.62847e-07 0)
(0.000663559 1.64995e-07 0)
(0.000663438 1.67757e-07 0)
(0.000663315 1.71049e-07 0)
(0.000663189 1.74845e-07 0)
(0.00066306 1.79048e-07 0)
(0.000662928 1.83825e-07 0)
(0.000662792 1.88894e-07 0)
(0.000662653 1.94338e-07 0)
(0.000662512 1.99634e-07 0)
(0.000662368 2.04311e-07 0)
(0.000662222 2.07616e-07 0)
(0.000662077 2.08778e-07 0)
(0.000661934 2.07309e-07 0)
(0.000661794 2.03201e-07 0)
(0.000661659 1.96319e-07 0)
(0.000661531 1.87884e-07 0)
(0.000661409 1.78859e-07 0)
(0.000661294 1.70099e-07 0)
(0.000661186 1.60183e-07 0)
(0.000661086 1.49022e-07 0)
(0.000660993 1.39084e-07 0)
(0.000660909 1.27893e-07 0)
(0.000660835 1.14927e-07 0)
(0.000660769 1.0126e-07 0)
(0.000660714 8.45943e-08 0)
(0.000660675 6.494e-08 0)
(0.000660636 6.22842e-08 0)
(0.000660589 6.17222e-08 0)
(0.000660576 4.88955e-08 0)
(0.000660579 2.75693e-08 0)
(0.000660584 1.00891e-08 0)
(0.000660595 1.34924e-09 0)
(0.000660609 -5.36083e-09 0)
(0.000660628 -1.13821e-08 0)
(0.000660651 -1.49305e-08 0)
(0.000660678 -2.32355e-08 0)
(0.000660705 -3.8962e-08 0)
(0.000660745 -5.37996e-08 0)
(0.000660796 -6.50771e-08 0)
(0.000660852 -7.50536e-08 0)
(0.000660906 -8.08915e-08 0)
(0.000660956 -7.62533e-08 0)
(0.000661005 -6.5572e-08 0)
(0.000661048 -6.08372e-08 0)
(0.000661086 -6.04065e-08 0)
(0.000661118 -5.73551e-08 0)
(0.00066115 -5.2329e-08 0)
(0.000661186 -4.62739e-08 0)
(0.000661192 -3.22044e-08 0)
(0.000661204 -2.19183e-08 0)
(0.000661216 -2.23096e-08 0)
(0.000661247 -1.90269e-08 0)
(0.000661255 -9.84187e-09 0)
(0.000661245 -8.84998e-09 0)
(0.000661248 -6.2784e-09 0)
(0.000661276 -3.7975e-09 0)
(0.000661262 -5.06834e-10 0)
(0.000661246 4.94122e-09 0)
(0.000661242 5.48272e-09 0)
(0.000661253 6.02088e-09 0)
(0.000661258 1.29609e-08 0)
(0.000661239 2.64027e-08 0)
(0.0006612 2.69922e-08 0)
(0.000661201 1.89818e-08 0)
(0.000661178 1.86992e-08 0)
(0.000999938 3.08446e-05 0)
(0.00102959 7.9437e-05 0)
(0.00106865 0.000109267 0)
(0.00110249 0.000125154 0)
(0.00112612 0.00012819 0)
(0.00114285 0.000124603 0)
(0.00115181 0.000116631 0)
(0.0011539 0.000106895 0)
(0.00115066 9.62513e-05 0)
(0.00114359 8.56834e-05 0)
(0.00113403 7.57207e-05 0)
(0.00112301 6.6653e-05 0)
(0.00111124 5.86284e-05 0)
(0.00109926 5.16334e-05 0)
(0.00108743 4.55968e-05 0)
(0.00107599 4.04138e-05 0)
(0.00106508 3.59752e-05 0)
(0.00105475 3.21765e-05 0)
(0.00104504 2.89229e-05 0)
(0.00103593 2.61293e-05 0)
(0.00102741 2.37221e-05 0)
(0.00101944 2.16399e-05 0)
(0.00101199 1.98309e-05 0)
(0.00100502 1.82515e-05 0)
(0.000998496 1.68655e-05 0)
(0.000992375 1.56427e-05 0)
(0.000986626 1.45581e-05 0)
(0.00098122 1.35909e-05 0)
(0.000976128 1.27239e-05 0)
(0.000971324 1.19428e-05 0)
(0.000966786 1.12357e-05 0)
(0.000962494 1.05927e-05 0)
(0.000958428 1.00054e-05 0)
(0.000954572 9.46691e-06 0)
(0.000950911 8.97128e-06 0)
(0.000947431 8.51354e-06 0)
(0.00094412 8.08945e-06 0)
(0.000940968 7.6954e-06 0)
(0.000937963 7.32826e-06 0)
(0.000935096 6.98535e-06 0)
(0.00093236 6.66435e-06 0)
(0.000929747 6.36323e-06 0)
(0.000927249 6.08021e-06 0)
(0.00092486 5.81373e-06 0)
(0.000922574 5.56242e-06 0)
(0.000920385 5.32506e-06 0)
(0.000918289 5.10055e-06 0)
(0.00091628 4.88794e-06 0)
(0.000914355 4.68634e-06 0)
(0.000912508 4.49498e-06 0)
(0.000910737 4.31315e-06 0)
(0.000909037 4.14021e-06 0)
(0.000907406 3.97558e-06 0)
(0.000905839 3.81873e-06 0)
(0.000904334 3.66916e-06 0)
(0.000902889 3.52643e-06 0)
(0.0009015 3.3901e-06 0)
(0.000900166 3.25977e-06 0)
(0.000898883 3.13505e-06 0)
(0.00089765 3.01555e-06 0)
(0.000896466 2.90086e-06 0)
(0.000895327 2.79056e-06 0)
(0.000894234 2.68423e-06 0)
(0.000893183 2.58142e-06 0)
(0.000892175 2.48165e-06 0)
(0.000891208 2.38444e-06 0)
(0.000890282 2.28929e-06 0)
(0.000889395 2.19572e-06 0)
(0.000888548 2.10325e-06 0)
(0.00088774 2.01147e-06 0)
(0.000886971 1.92003e-06 0)
(0.000886241 1.82869e-06 0)
(0.00088555 1.7373e-06 0)
(0.000884897 1.64587e-06 0)
(0.000884282 1.55453e-06 0)
(0.000883705 1.46357e-06 0)
(0.000883164 1.37336e-06 0)
(0.00088266 1.28443e-06 0)
(0.00088219 1.19737e-06 0)
(0.000881754 1.11281e-06 0)
(0.000881349 1.03143e-06 0)
(0.000880975 9.53837e-07 0)
(0.000880628 8.80616e-07 0)
(0.000880308 8.12237e-07 0)
(0.000880011 7.49057e-07 0)
(0.000879735 6.91303e-07 0)
(0.000879479 6.39066e-07 0)
(0.00087924 5.92306e-07 0)
(0.000879016 5.50862e-07 0)
(0.000878806 5.14471e-07 0)
(0.000878608 4.82791e-07 0)
(0.000878419 4.55419e-07 0)
(0.00087824 4.31919e-07 0)
(0.000878068 4.11844e-07 0)
(0.000877903 3.94753e-07 0)
(0.000877743 3.80231e-07 0)
(0.000877589 3.67896e-07 0)
(0.000877439 3.57401e-07 0)
(0.000877294 3.48436e-07 0)
(0.000877151 3.40732e-07 0)
(0.000877012 3.34064e-07 0)
(0.000876876 3.28245e-07 0)
(0.000876742 3.23123e-07 0)
(0.00087661 3.18572e-07 0)
(0.00087648 3.14483e-07 0)
(0.000876353 3.10759e-07 0)
(0.000876227 3.07314e-07 0)
(0.000876102 3.04085e-07 0)
(0.000875979 3.01033e-07 0)
(0.000875857 2.98143e-07 0)
(0.000875737 2.95423e-07 0)
(0.000875617 2.92905e-07 0)
(0.000875498 2.9063e-07 0)
(0.00087538 2.88647e-07 0)
(0.000875263 2.86969e-07 0)
(0.000875146 2.85578e-07 0)
(0.000875029 2.8444e-07 0)
(0.000874913 2.83499e-07 0)
(0.000874797 2.82719e-07 0)
(0.00087468 2.82034e-07 0)
(0.000874564 2.81515e-07 0)
(0.000874448 2.81014e-07 0)
(0.000874331 2.80845e-07 0)
(0.000874215 2.80766e-07 0)
(0.000874098 2.81053e-07 0)
(0.000873979 2.81809e-07 0)
(0.000873861 2.82447e-07 0)
(0.000873741 2.82977e-07 0)
(0.000873621 2.8327e-07 0)
(0.0008735 2.83607e-07 0)
(0.000873379 2.84383e-07 0)
(0.000873255 2.8579e-07 0)
(0.00087313 2.87799e-07 0)
(0.000873003 2.90533e-07 0)
(0.000872873 2.94192e-07 0)
(0.000872741 2.98922e-07 0)
(0.000872604 3.04762e-07 0)
(0.000872465 3.11522e-07 0)
(0.000872322 3.18891e-07 0)
(0.000872175 3.26397e-07 0)
(0.000872025 3.34234e-07 0)
(0.000871872 3.41831e-07 0)
(0.000871716 3.49741e-07 0)
(0.000871557 3.5714e-07 0)
(0.000871396 3.6349e-07 0)
(0.000871235 3.67337e-07 0)
(0.000871074 3.67093e-07 0)
(0.000870917 3.62351e-07 0)
(0.000870764 3.53238e-07 0)
(0.000870618 3.39911e-07 0)
(0.000870479 3.23906e-07 0)
(0.00087035 3.06204e-07 0)
(0.000870228 2.88863e-07 0)
(0.000870112 2.71758e-07 0)
(0.000870007 2.52369e-07 0)
(0.00086991 2.33034e-07 0)
(0.000869824 2.13886e-07 0)
(0.000869749 1.91571e-07 0)
(0.000869686 1.65982e-07 0)
(0.000869633 1.35772e-07 0)
(0.000869597 1.0932e-07 0)
(0.000869537 9.34059e-08 0)
(0.000869547 7.58339e-08 0)
(0.000869541 4.43371e-08 0)
(0.000869541 1.54798e-08 0)
(0.00086957 -6.81169e-09 0)
(0.000869561 -1.43595e-08 0)
(0.000869581 -2.07446e-08 0)
(0.000869615 -2.95728e-08 0)
(0.000869678 -4.44442e-08 0)
(0.000869735 -6.37909e-08 0)
(0.000869741 -8.08972e-08 0)
(0.000869789 -9.63845e-08 0)
(0.000869871 -1.16403e-07 0)
(0.000869954 -1.37364e-07 0)
(0.000870009 -1.38819e-07 0)
(0.000870059 -1.28515e-07 0)
(0.00087013 -1.22986e-07 0)
(0.000870183 -1.16796e-07 0)
(0.000870186 -1.0173e-07 0)
(0.000870213 -8.89426e-08 0)
(0.000870261 -7.96097e-08 0)
(0.000870282 -6.46488e-08 0)
(0.0008703 -5.10397e-08 0)
(0.000870346 -4.22784e-08 0)
(0.000870328 -3.41517e-08 0)
(0.00087033 -2.54787e-08 0)
(0.000870354 -1.62014e-08 0)
(0.000870384 -1.3631e-08 0)
(0.000870345 -9.63041e-09 0)
(0.000870379 -3.88886e-09 0)
(0.000870355 2.06378e-09 0)
(0.000870375 6.96161e-09 0)
(0.000870317 8.99618e-09 0)
(0.000870332 1.21587e-08 0)
(0.000870333 2.15027e-08 0)
(0.000870321 3.30123e-08 0)
(0.000870321 4.19154e-08 0)
(0.000870351 4.36311e-08 0)
(0.000870275 4.40964e-08 0)
(0.00100013 1.91865e-05 0)
(0.00101649 5.34623e-05 0)
(0.00104312 7.74758e-05 0)
(0.00107229 9.27503e-05 0)
(0.00110107 0.00010209 0)
(0.00112582 0.000104859 0)
(0.00114591 0.000103098 0)
(0.00116092 9.77675e-05 0)
(0.00117213 9.12765e-05 0)
(0.0011798 8.426e-05 0)
(0.00118454 7.71363e-05 0)
(0.00118673 7.04589e-05 0)
(0.00118703 6.41061e-05 0)
(0.00118585 5.82015e-05 0)
(0.00118359 5.27979e-05 0)
(0.00118053 4.79153e-05 0)
(0.00117694 4.35511e-05 0)
(0.00117298 3.96727e-05 0)
(0.00116881 3.624e-05 0)
(0.00116453 3.32044e-05 0)
(0.00116022 3.05175e-05 0)
(0.00115595 2.81362e-05 0)
(0.00115174 2.60211e-05 0)
(0.00114763 2.41375e-05 0)
(0.00114364 2.24549e-05 0)
(0.00113977 2.09468e-05 0)
(0.00113604 1.95903e-05 0)
(0.00113245 1.83656e-05 0)
(0.001129 1.72557e-05 0)
(0.00112568 1.62462e-05 0)
(0.0011225 1.53246e-05 0)
(0.00111944 1.44803e-05 0)
(0.00111652 1.37041e-05 0)
(0.00111371 1.29883e-05 0)
(0.00111102 1.23262e-05 0)
(0.00110844 1.1712e-05 0)
(0.00110596 1.11407e-05 0)
(0.00110359 1.0608e-05 0)
(0.00110132 1.01101e-05 0)
(0.00109914 9.64388e-06 0)
(0.00109705 9.20631e-06 0)
(0.00109504 8.79493e-06 0)
(0.00109312 8.40752e-06 0)
(0.00109127 8.0421e-06 0)
(0.0010895 7.69692e-06 0)
(0.0010878 7.37044e-06 0)
(0.00108617 7.06123e-06 0)
(0.0010846 6.76806e-06 0)
(0.00108309 6.48979e-06 0)
(0.00108165 6.2254e-06 0)
(0.00108026 5.97396e-06 0)
(0.00107892 5.73462e-06 0)
(0.00107764 5.5066e-06 0)
(0.0010764 5.2892e-06 0)
(0.00107522 5.08175e-06 0)
(0.00107408 4.88362e-06 0)
(0.00107298 4.69422e-06 0)
(0.00107193 4.51299e-06 0)
(0.00107092 4.33936e-06 0)
(0.00106994 4.17278e-06 0)
(0.00106901 4.01266e-06 0)
(0.00106811 3.85843e-06 0)
(0.00106725 3.70945e-06 0)
(0.00106642 3.56509e-06 0)
(0.00106562 3.42469e-06 0)
(0.00106486 3.2876e-06 0)
(0.00106414 3.15316e-06 0)
(0.00106344 3.02074e-06 0)
(0.00106278 2.88977e-06 0)
(0.00106215 2.75975e-06 0)
(0.00106155 2.6303e-06 0)
(0.00106099 2.5012e-06 0)
(0.00106045 2.37236e-06 0)
(0.00105995 2.24391e-06 0)
(0.00105947 2.11613e-06 0)
(0.00105903 1.98948e-06 0)
(0.00105862 1.86457e-06 0)
(0.00105823 1.74213e-06 0)
(0.00105787 1.62296e-06 0)
(0.00105753 1.50792e-06 0)
(0.00105722 1.39783e-06 0)
(0.00105693 1.29346e-06 0)
(0.00105667 1.1955e-06 0)
(0.00105642 1.10445e-06 0)
(0.00105618 1.02068e-06 0)
(0.00105597 9.44385e-07 0)
(0.00105576 8.75569e-07 0)
(0.00105557 8.14079e-07 0)
(0.00105539 7.59616e-07 0)
(0.00105522 7.11763e-07 0)
(0.00105506 6.70014e-07 0)
(0.00105491 6.33806e-07 0)
(0.00105476 6.02549e-07 0)
(0.00105462 5.75649e-07 0)
(0.00105448 5.52539e-07 0)
(0.00105435 5.3269e-07 0)
(0.00105422 5.15628e-07 0)
(0.0010541 5.00926e-07 0)
(0.00105398 4.88203e-07 0)
(0.00105387 4.77126e-07 0)
(0.00105376 4.6742e-07 0)
(0.00105365 4.58856e-07 0)
(0.00105354 4.51247e-07 0)
(0.00105344 4.44434e-07 0)
(0.00105333 4.38287e-07 0)
(0.00105323 4.32694e-07 0)
(0.00105314 4.27563e-07 0)
(0.00105304 4.22823e-07 0)
(0.00105294 4.18434e-07 0)
(0.00105285 4.14379e-07 0)
(0.00105275 4.10657e-07 0)
(0.00105266 4.07283e-07 0)
(0.00105257 4.04288e-07 0)
(0.00105247 4.01722e-07 0)
(0.00105238 3.99608e-07 0)
(0.00105229 3.97933e-07 0)
(0.0010522 3.9666e-07 0)
(0.00105211 3.95707e-07 0)
(0.00105201 3.95014e-07 0)
(0.00105192 3.94473e-07 0)
(0.00105183 3.94195e-07 0)
(0.00105173 3.93984e-07 0)
(0.00105164 3.94258e-07 0)
(0.00105154 3.9449e-07 0)
(0.00105145 3.95297e-07 0)
(0.00105135 3.9668e-07 0)
(0.00105125 3.98159e-07 0)
(0.00105115 4.00051e-07 0)
(0.00105105 4.01543e-07 0)
(0.00105095 4.0309e-07 0)
(0.00105085 4.05551e-07 0)
(0.00105074 4.09199e-07 0)
(0.00105063 4.13863e-07 0)
(0.00105052 4.19565e-07 0)
(0.00105041 4.26377e-07 0)
(0.00105029 4.34343e-07 0)
(0.00105017 4.4371e-07 0)
(0.00105004 4.54403e-07 0)
(0.00104991 4.65972e-07 0)
(0.00104978 4.77341e-07 0)
(0.00104964 4.88401e-07 0)
(0.0010495 4.97876e-07 0)
(0.00104936 5.07313e-07 0)
(0.00104921 5.15758e-07 0)
(0.00104907 5.23286e-07 0)
(0.00104892 5.27378e-07 0)
(0.00104877 5.25409e-07 0)
(0.00104863 5.16921e-07 0)
(0.00104849 5.01415e-07 0)
(0.00104836 4.81375e-07 0)
(0.00104823 4.57794e-07 0)
(0.00104811 4.3193e-07 0)
(0.001048 4.05518e-07 0)
(0.0010479 3.79287e-07 0)
(0.0010478 3.51731e-07 0)
(0.00104772 3.21954e-07 0)
(0.00104764 2.92109e-07 0)
(0.00104758 2.59664e-07 0)
(0.00104753 2.24042e-07 0)
(0.00104749 1.85837e-07 0)
(0.00104747 1.52636e-07 0)
(0.00104745 1.14748e-07 0)
(0.00104745 6.7583e-08 0)
(0.00104746 2.85539e-08 0)
(0.00104742 2.54942e-09 0)
(0.00104746 -2.09444e-08 0)
(0.00104753 -4.42045e-08 0)
(0.00104759 -6.21971e-08 0)
(0.00104763 -7.78944e-08 0)
(0.00104768 -9.85881e-08 0)
(0.00104774 -1.19787e-07 0)
(0.0010478 -1.39141e-07 0)
(0.00104785 -1.56108e-07 0)
(0.00104793 -1.80255e-07 0)
(0.00104799 -1.98311e-07 0)
(0.00104804 -1.93218e-07 0)
(0.00104811 -1.83638e-07 0)
(0.00104819 -1.7809e-07 0)
(0.00104817 -1.67169e-07 0)
(0.00104824 -1.52031e-07 0)
(0.00104829 -1.23124e-07 0)
(0.00104834 -1.00522e-07 0)
(0.0010483 -8.14299e-08 0)
(0.00104837 -6.97296e-08 0)
(0.00104835 -5.53334e-08 0)
(0.00104839 -4.31409e-08 0)
(0.00104837 -2.70485e-08 0)
(0.00104841 -2.24426e-08 0)
(0.00104838 -1.2727e-08 0)
(0.00104841 -8.18731e-09 0)
(0.00104837 3.19272e-10 0)
(0.0010484 6.40081e-09 0)
(0.00104837 8.66081e-09 0)
(0.00104836 1.19194e-08 0)
(0.0010484 1.82342e-08 0)
(0.00104838 2.76997e-08 0)
(0.00104835 3.71156e-08 0)
(0.00104836 4.72539e-08 0)
(0.00104839 6.27383e-08 0)
(0.00104833 6.78662e-08 0)
(0.00100015 1.27068e-05 0)
(0.00101018 3.63663e-05 0)
(0.00102814 5.47657e-05 0)
(0.00105015 6.75765e-05 0)
(0.00107375 7.56525e-05 0)
(0.00109731 7.98679e-05 0)
(0.00111966 8.10828e-05 0)
(0.00114022 8.02363e-05 0)
(0.00115772 7.73931e-05 0)
(0.00117255 7.34284e-05 0)
(0.00118475 6.8888e-05 0)
(0.00119487 6.39721e-05 0)
(0.00120327 5.92768e-05 0)
(0.00121011 5.48115e-05 0)
(0.00121562 5.07347e-05 0)
(0.00121994 4.69751e-05 0)
(0.00122328 4.34988e-05 0)
(0.0012258 4.03077e-05 0)
(0.00122764 3.73904e-05 0)
(0.00122891 3.47343e-05 0)
(0.00122971 3.23247e-05 0)
(0.00123014 3.01421e-05 0)
(0.00123026 2.81641e-05 0)
(0.00123014 2.6369e-05 0)
(0.00122982 2.47371e-05 0)
(0.00122935 2.32501e-05 0)
(0.00122875 2.18919e-05 0)
(0.00122807 2.0648e-05 0)
(0.00122731 1.95057e-05 0)
(0.0012265 1.84539e-05 0)
(0.00122565 1.74828e-05 0)
(0.00122478 1.65838e-05 0)
(0.00122389 1.57494e-05 0)
(0.00122299 1.49732e-05 0)
(0.00122209 1.42495e-05 0)
(0.0012212 1.35732e-05 0)
(0.00122031 1.29399e-05 0)
(0.00121944 1.23457e-05 0)
(0.00121859 1.17874e-05 0)
(0.00121775 1.12617e-05 0)
(0.00121693 1.07661e-05 0)
(0.00121613 1.02982e-05 0)
(0.00121535 9.85586e-06 0)
(0.00121459 9.43711e-06 0)
(0.00121385 9.04029e-06 0)
(0.00121314 8.66383e-06 0)
(0.00121244 8.30633e-06 0)
(0.00121177 7.96654e-06 0)
(0.00121112 7.64328e-06 0)
(0.0012105 7.33551e-06 0)
(0.00120989 7.04226e-06 0)
(0.0012093 6.76264e-06 0)
(0.00120874 6.49582e-06 0)
(0.00120819 6.24104e-06 0)
(0.00120767 5.99756e-06 0)
(0.00120716 5.76469e-06 0)
(0.00120667 5.54178e-06 0)
(0.0012062 5.32817e-06 0)
(0.00120574 5.12321e-06 0)
(0.0012053 4.92625e-06 0)
(0.00120488 4.73662e-06 0)
(0.00120448 4.55361e-06 0)
(0.00120409 4.37651e-06 0)
(0.00120372 4.20456e-06 0)
(0.00120336 4.03702e-06 0)
(0.00120302 3.87312e-06 0)
(0.00120269 3.71214e-06 0)
(0.00120238 3.5534e-06 0)
(0.00120209 3.39631e-06 0)
(0.00120181 3.24037e-06 0)
(0.00120154 3.08525e-06 0)
(0.00120129 2.93078e-06 0)
(0.00120106 2.77698e-06 0)
(0.00120084 2.62408e-06 0)
(0.00120063 2.47252e-06 0)
(0.00120043 2.32289e-06 0)
(0.00120025 2.17595e-06 0)
(0.00120008 2.03255e-06 0)
(0.00119992 1.89364e-06 0)
(0.00119977 1.76013e-06 0)
(0.00119963 1.63291e-06 0)
(0.00119949 1.5128e-06 0)
(0.00119937 1.40043e-06 0)
(0.00119925 1.29631e-06 0)
(0.00119914 1.20073e-06 0)
(0.00119903 1.11379e-06 0)
(0.00119893 1.0354e-06 0)
(0.00119883 9.65303e-07 0)
(0.00119873 9.03078e-07 0)
(0.00119865 8.48201e-07 0)
(0.00119856 8.00064e-07 0)
(0.00119848 7.58011e-07 0)
(0.0011984 7.21376e-07 0)
(0.00119833 6.89506e-07 0)
(0.00119826 6.61785e-07 0)
(0.00119819 6.37656e-07 0)
(0.00119813 6.16622e-07 0)
(0.00119807 5.98243e-07 0)
(0.00119801 5.82127e-07 0)
(0.00119796 5.6793e-07 0)
(0.00119791 5.55367e-07 0)
(0.00119786 5.44205e-07 0)
(0.00119781 5.34252e-07 0)
(0.00119777 5.25341e-07 0)
(0.00119773 5.17332e-07 0)
(0.00119769 5.10106e-07 0)
(0.00119765 5.03567e-07 0)
(0.00119761 4.97645e-07 0)
(0.00119757 4.92299e-07 0)
(0.00119753 4.8751e-07 0)
(0.0011975 4.8326e-07 0)
(0.00119746 4.79541e-07 0)
(0.00119742 4.76345e-07 0)
(0.00119738 4.73693e-07 0)
(0.00119735 4.71595e-07 0)
(0.00119731 4.70051e-07 0)
(0.00119727 4.69027e-07 0)
(0.00119723 4.6845e-07 0)
(0.00119719 4.68235e-07 0)
(0.00119715 4.68265e-07 0)
(0.00119711 4.6861e-07 0)
(0.00119707 4.69156e-07 0)
(0.00119702 4.70502e-07 0)
(0.00119698 4.71813e-07 0)
(0.00119693 4.74404e-07 0)
(0.00119688 4.7748e-07 0)
(0.00119683 4.79201e-07 0)
(0.00119678 4.81943e-07 0)
(0.00119673 4.8516e-07 0)
(0.00119668 4.88867e-07 0)
(0.00119662 4.93909e-07 0)
(0.00119656 5.00567e-07 0)
(0.0011965 5.08557e-07 0)
(0.00119643 5.17904e-07 0)
(0.00119636 5.2862e-07 0)
(0.00119628 5.40347e-07 0)
(0.00119621 5.53281e-07 0)
(0.00119612 5.67452e-07 0)
(0.00119604 5.82629e-07 0)
(0.00119595 5.97824e-07 0)
(0.00119586 6.12464e-07 0)
(0.00119576 6.23889e-07 0)
(0.00119567 6.34433e-07 0)
(0.00119557 6.43492e-07 0)
(0.00119547 6.52693e-07 0)
(0.00119537 6.56746e-07 0)
(0.00119527 6.54356e-07 0)
(0.00119517 6.44047e-07 0)
(0.00119507 6.2268e-07 0)
(0.00119497 5.97623e-07 0)
(0.00119487 5.68948e-07 0)
(0.00119479 5.37102e-07 0)
(0.0011947 5.04765e-07 0)
(0.00119462 4.70227e-07 0)
(0.00119454 4.33085e-07 0)
(0.00119448 3.92521e-07 0)
(0.00119443 3.49357e-07 0)
(0.00119439 3.04537e-07 0)
(0.00119436 2.58701e-07 0)
(0.00119434 2.12244e-07 0)
(0.00119434 1.67461e-07 0)
(0.00119434 1.14678e-07 0)
(0.00119435 5.70346e-08 0)
(0.00119437 1.05223e-08 0)
(0.0011944 -2.65925e-08 0)
(0.00119444 -6.00642e-08 0)
(0.0011945 -9.09989e-08 0)
(0.00119455 -1.15954e-07 0)
(0.00119459 -1.37301e-07 0)
(0.00119464 -1.58954e-07 0)
(0.00119469 -1.79115e-07 0)
(0.00119476 -1.99578e-07 0)
(0.00119481 -2.227e-07 0)
(0.00119489 -2.43639e-07 0)
(0.00119495 -2.48551e-07 0)
(0.00119502 -2.47486e-07 0)
(0.00119509 -2.44692e-07 0)
(0.00119515 -2.32532e-07 0)
(0.00119519 -2.13657e-07 0)
(0.00119525 -1.88365e-07 0)
(0.00119529 -1.59427e-07 0)
(0.00119533 -1.28363e-07 0)
(0.00119532 -1.00866e-07 0)
(0.00119534 -8.51827e-08 0)
(0.00119536 -7.06237e-08 0)
(0.0011954 -5.00838e-08 0)
(0.00119542 -3.5392e-08 0)
(0.00119541 -2.35947e-08 0)
(0.00119542 -1.47581e-08 0)
(0.00119541 -6.87249e-09 0)
(0.00119542 -3.44603e-09 0)
(0.00119545 6.77784e-10 0)
(0.00119547 1.83423e-09 0)
(0.00119545 1.07707e-08 0)
(0.00119547 2.1525e-08 0)
(0.00119545 3.24361e-08 0)
(0.00119547 3.94661e-08 0)
(0.00119546 5.45795e-08 0)
(0.00119547 7.40346e-08 0)
(0.00119545 8.04257e-08 0)
(0.00100012 8.47445e-06 0)
(0.00100699 2.4611e-05 0)
(0.00101984 3.79338e-05 0)
(0.00103675 4.77745e-05 0)
(0.00105586 5.45165e-05 0)
(0.00107602 5.85503e-05 0)
(0.00109623 6.02619e-05 0)
(0.00111587 6.02143e-05 0)
(0.00113444 5.8994e-05 0)
(0.00115166 5.6977e-05 0)
(0.00116751 5.45735e-05 0)
(0.00118184 5.18722e-05 0)
(0.00119452 4.89192e-05 0)
(0.0012058 4.59799e-05 0)
(0.00121578 4.30222e-05 0)
(0.00122469 4.02163e-05 0)
(0.00123264 3.76117e-05 0)
(0.00123973 3.52088e-05 0)
(0.00124606 3.30522e-05 0)
(0.0012517 3.1081e-05 0)
(0.00125673 2.92539e-05 0)
(0.00126122 2.75654e-05 0)
(0.00126524 2.60067e-05 0)
(0.00126883 2.45679e-05 0)
(0.00127205 2.32386e-05 0)
(0.00127495 2.20089e-05 0)
(0.00127756 2.08692e-05 0)
(0.00127991 1.98109e-05 0)
(0.00128205 1.88261e-05 0)
(0.00128399 1.7908e-05 0)
(0.00128575 1.70501e-05 0)
(0.00128736 1.6247e-05 0)
(0.00128883 1.54938e-05 0)
(0.00129018 1.47861e-05 0)
(0.00129143 1.412e-05 0)
(0.00129257 1.34922e-05 0)
(0.00129363 1.28996e-05 0)
(0.00129461 1.23394e-05 0)
(0.00129552 1.18092e-05 0)
(0.00129637 1.13069e-05 0)
(0.00129716 1.08305e-05 0)
(0.0012979 1.03782e-05 0)
(0.00129859 9.94838e-06 0)
(0.00129924 9.53961e-06 0)
(0.00129985 9.15055e-06 0)
(0.00130042 8.77998e-06 0)
(0.00130097 8.4268e-06 0)
(0.00130148 8.08997e-06 0)
(0.00130196 7.76854e-06 0)
(0.00130242 7.46165e-06 0)
(0.00130286 7.16847e-06 0)
(0.00130327 6.88825e-06 0)
(0.00130367 6.62027e-06 0)
(0.00130404 6.36384e-06 0)
(0.0013044 6.11833e-06 0)
(0.00130474 5.88309e-06 0)
(0.00130506 5.65751e-06 0)
(0.00130538 5.44097e-06 0)
(0.00130567 5.23285e-06 0)
(0.00130596 5.03251e-06 0)
(0.00130623 4.8393e-06 0)
(0.00130649 4.65253e-06 0)
(0.00130674 4.47147e-06 0)
(0.00130698 4.29541e-06 0)
(0.00130721 4.1236e-06 0)
(0.00130743 3.95533e-06 0)
(0.00130764 3.78989e-06 0)
(0.00130785 3.62667e-06 0)
(0.00130804 3.46513e-06 0)
(0.00130823 3.30486e-06 0)
(0.0013084 3.14559e-06 0)
(0.00130857 2.98724e-06 0)
(0.00130873 2.8299e-06 0)
(0.00130887 2.67388e-06 0)
(0.00130901 2.51965e-06 0)
(0.00130914 2.36785e-06 0)
(0.00130926 2.21924e-06 0)
(0.00130936 2.07468e-06 0)
(0.00130946 1.93504e-06 0)
(0.00130955 1.80121e-06 0)
(0.00130962 1.67397e-06 0)
(0.00130969 1.55403e-06 0)
(0.00130975 1.44195e-06 0)
(0.0013098 1.3381e-06 0)
(0.00130984 1.24268e-06 0)
(0.00130987 1.15571e-06 0)
(0.0013099 1.07702e-06 0)
(0.00130993 1.0063e-06 0)
(0.00130995 9.43102e-07 0)
(0.00130998 8.86885e-07 0)
(0.00131 8.37051e-07 0)
(0.00131002 7.9297e-07 0)
(0.00131004 7.54017e-07 0)
(0.00131006 7.19596e-07 0)
(0.00131008 6.89159e-07 0)
(0.0013101 6.62219e-07 0)
(0.00131013 6.38351e-07 0)
(0.00131016 6.1718e-07 0)
(0.00131019 5.98374e-07 0)
(0.00131022 5.81639e-07 0)
(0.00131025 5.66729e-07 0)
(0.00131029 5.53445e-07 0)
(0.00131033 5.41622e-07 0)
(0.00131037 5.31115e-07 0)
(0.00131041 5.2179e-07 0)
(0.00131045 5.13522e-07 0)
(0.00131049 5.0621e-07 0)
(0.00131053 4.99777e-07 0)
(0.00131058 4.94174e-07 0)
(0.00131062 4.89366e-07 0)
(0.00131066 4.85316e-07 0)
(0.0013107 4.81982e-07 0)
(0.00131074 4.79313e-07 0)
(0.00131078 4.77277e-07 0)
(0.00131082 4.75853e-07 0)
(0.00131085 4.75038e-07 0)
(0.00131089 4.74812e-07 0)
(0.00131092 4.7512e-07 0)
(0.00131095 4.75876e-07 0)
(0.00131099 4.77004e-07 0)
(0.00131102 4.78481e-07 0)
(0.00131104 4.80359e-07 0)
(0.00131107 4.829e-07 0)
(0.0013111 4.85848e-07 0)
(0.00131112 4.89858e-07 0)
(0.00131114 4.94458e-07 0)
(0.00131116 4.98471e-07 0)
(0.00131118 5.02752e-07 0)
(0.0013112 5.0823e-07 0)
(0.00131121 5.15116e-07 0)
(0.00131122 5.23511e-07 0)
(0.00131123 5.33525e-07 0)
(0.00131123 5.44977e-07 0)
(0.00131123 5.57892e-07 0)
(0.00131123 5.72307e-07 0)
(0.00131122 5.87764e-07 0)
(0.00131121 6.04238e-07 0)
(0.0013112 6.21478e-07 0)
(0.00131118 6.3939e-07 0)
(0.00131116 6.57343e-07 0)
(0.00131114 6.74993e-07 0)
(0.00131112 6.89207e-07 0)
(0.0013111 7.01889e-07 0)
(0.00131108 7.12843e-07 0)
(0.00131105 7.26402e-07 0)
(0.00131103 7.31292e-07 0)
(0.001311 7.28202e-07 0)
(0.00131097 7.17154e-07 0)
(0.00131093 6.91764e-07 0)
(0.00131089 6.66825e-07 0)
(0.00131084 6.37296e-07 0)
(0.00131079 6.04301e-07 0)
(0.00131075 5.72725e-07 0)
(0.0013107 5.3678e-07 0)
(0.00131065 4.92861e-07 0)
(0.00131061 4.42072e-07 0)
(0.00131059 3.86439e-07 0)
(0.00131057 3.28478e-07 0)
(0.00131056 2.71789e-07 0)
(0.00131056 2.15847e-07 0)
(0.00131057 1.61793e-07 0)
(0.00131059 1.04892e-07 0)
(0.00131061 4.46096e-08 0)
(0.00131063 -1.18853e-08 0)
(0.00131067 -6.23833e-08 0)
(0.00131072 -1.05535e-07 0)
(0.00131078 -1.3846e-07 0)
(0.00131083 -1.62984e-07 0)
(0.00131088 -1.86444e-07 0)
(0.00131093 -2.12061e-07 0)
(0.00131098 -2.39112e-07 0)
(0.00131104 -2.63117e-07 0)
(0.00131111 -2.91246e-07 0)
(0.00131118 -3.12876e-07 0)
(0.00131125 -3.15065e-07 0)
(0.00131132 -3.12519e-07 0)
(0.00131137 -3.04589e-07 0)
(0.00131142 -2.85908e-07 0)
(0.00131146 -2.59469e-07 0)
(0.00131151 -2.29521e-07 0)
(0.00131156 -2.01042e-07 0)
(0.0013116 -1.67619e-07 0)
(0.00131163 -1.32389e-07 0)
(0.00131167 -1.06796e-07 0)
(0.0013117 -8.58019e-08 0)
(0.00131173 -6.61046e-08 0)
(0.00131176 -4.98447e-08 0)
(0.00131178 -3.54354e-08 0)
(0.0013118 -2.79383e-08 0)
(0.00131181 -2.29785e-08 0)
(0.00131183 -1.99979e-08 0)
(0.00131185 -1.63658e-08 0)
(0.00131187 -1.09079e-08 0)
(0.00131188 1.11255e-09 0)
(0.00131189 1.77838e-08 0)
(0.00131191 2.48968e-08 0)
(0.00131193 3.64979e-08 0)
(0.00131194 4.54971e-08 0)
(0.00131197 6.68609e-08 0)
(0.001312 7.10584e-08 0)
(0.0010001 5.45952e-06 0)
(0.0010053 1.59339e-05 0)
(0.00101527 2.49133e-05 0)
(0.00102895 3.18326e-05 0)
(0.00104496 3.67308e-05 0)
(0.00106238 3.98273e-05 0)
(0.00108044 4.13918e-05 0)
(0.00109854 4.17901e-05 0)
(0.00111628 4.13437e-05 0)
(0.00113333 4.02693e-05 0)
(0.00114952 3.87832e-05 0)
(0.00116478 3.70724e-05 0)
(0.00117905 3.52797e-05 0)
(0.00119232 3.34708e-05 0)
(0.00120468 3.17333e-05 0)
(0.0012161 3.00604e-05 0)
(0.00122664 2.84581e-05 0)
(0.00123636 2.69295e-05 0)
(0.00124533 2.54441e-05 0)
(0.00125366 2.40634e-05 0)
(0.00126141 2.27939e-05 0)
(0.00126862 2.16265e-05 0)
(0.00127534 2.05473e-05 0)
(0.0012816 1.95442e-05 0)
(0.00128746 1.86093e-05 0)
(0.00129293 1.77359e-05 0)
(0.00129807 1.6918e-05 0)
(0.00130288 1.61504e-05 0)
(0.00130741 1.54285e-05 0)
(0.00131167 1.47482e-05 0)
(0.00131569 1.4106e-05 0)
(0.00131948 1.34988e-05 0)
(0.00132307 1.29237e-05 0)
(0.00132646 1.23783e-05 0)
(0.00132967 1.18605e-05 0)
(0.00133272 1.13684e-05 0)
(0.00133562 1.09001e-05 0)
(0.00133837 1.04542e-05 0)
(0.00134098 1.00292e-05 0)
(0.00134347 9.6239e-06 0)
(0.00134585 9.23714e-06 0)
(0.00134811 8.86788e-06 0)
(0.00135027 8.51513e-06 0)
(0.00135233 8.17802e-06 0)
(0.0013543 7.85571e-06 0)
(0.00135618 7.54745e-06 0)
(0.00135798 7.25251e-06 0)
(0.00135971 6.97024e-06 0)
(0.00136136 6.7e-06 0)
(0.00136294 6.44121e-06 0)
(0.00136446 6.19332e-06 0)
(0.00136591 5.95578e-06 0)
(0.0013673 5.7281e-06 0)
(0.00136864 5.50978e-06 0)
(0.00136992 5.30035e-06 0)
(0.00137115 5.09932e-06 0)
(0.00137233 4.90623e-06 0)
(0.00137347 4.72059e-06 0)
(0.00137456 4.54191e-06 0)
(0.0013756 4.36968e-06 0)
(0.00137661 4.20336e-06 0)
(0.00137757 4.0424e-06 0)
(0.0013785 3.88623e-06 0)
(0.00137938 3.73425e-06 0)
(0.00138024 3.58587e-06 0)
(0.00138105 3.44051e-06 0)
(0.00138183 3.29763e-06 0)
(0.00138257 3.15674e-06 0)
(0.00138328 3.01745e-06 0)
(0.00138396 2.87944e-06 0)
(0.0013846 2.74255e-06 0)
(0.0013852 2.60672e-06 0)
(0.00138577 2.47209e-06 0)
(0.0013863 2.33889e-06 0)
(0.0013868 2.20754e-06 0)
(0.00138726 2.07854e-06 0)
(0.00138769 1.95249e-06 0)
(0.00138809 1.83006e-06 0)
(0.00138845 1.7119e-06 0)
(0.00138878 1.59867e-06 0)
(0.00138909 1.49094e-06 0)
(0.00138936 1.38921e-06 0)
(0.00138961 1.29384e-06 0)
(0.00138984 1.20508e-06 0)
(0.00139004 1.123e-06 0)
(0.00139023 1.04758e-06 0)
(0.0013904 9.78643e-07 0)
(0.00139056 9.15915e-07 0)
(0.00139071 8.59033e-07 0)
(0.00139085 8.07576e-07 0)
(0.00139099 7.61087e-07 0)
(0.00139111 7.19102e-07 0)
(0.00139124 6.81172e-07 0)
(0.00139136 6.46889e-07 0)
(0.00139148 6.15892e-07 0)
(0.00139161 5.87872e-07 0)
(0.00139173 5.62569e-07 0)
(0.00139185 5.39757e-07 0)
(0.00139198 5.19231e-07 0)
(0.0013921 5.00808e-07 0)
(0.00139223 4.8433e-07 0)
(0.00139236 4.69669e-07 0)
(0.00139249 4.56718e-07 0)
(0.00139262 4.45374e-07 0)
(0.00139275 4.35521e-07 0)
(0.00139288 4.27038e-07 0)
(0.00139301 4.19811e-07 0)
(0.00139313 4.13745e-07 0)
(0.00139326 4.0877e-07 0)
(0.00139339 4.0482e-07 0)
(0.00139351 4.01829e-07 0)
(0.00139364 3.99715e-07 0)
(0.00139376 3.98389e-07 0)
(0.00139388 3.97759e-07 0)
(0.001394 3.97766e-07 0)
(0.00139411 3.98396e-07 0)
(0.00139423 3.99625e-07 0)
(0.00139434 4.01426e-07 0)
(0.00139445 4.03716e-07 0)
(0.00139456 4.06502e-07 0)
(0.00139467 4.09672e-07 0)
(0.00139477 4.13443e-07 0)
(0.00139488 4.17603e-07 0)
(0.00139498 4.22602e-07 0)
(0.00139508 4.27981e-07 0)
(0.00139517 4.33834e-07 0)
(0.00139527 4.4122e-07 0)
(0.00139536 4.48462e-07 0)
(0.00139545 4.56826e-07 0)
(0.00139554 4.6694e-07 0)
(0.00139562 4.78519e-07 0)
(0.0013957 4.91515e-07 0)
(0.00139578 5.06014e-07 0)
(0.00139585 5.22017e-07 0)
(0.00139593 5.394e-07 0)
(0.001396 5.57769e-07 0)
(0.00139606 5.76854e-07 0)
(0.00139613 5.96265e-07 0)
(0.0013962 6.16016e-07 0)
(0.00139626 6.35412e-07 0)
(0.00139632 6.53399e-07 0)
(0.00139638 6.69e-07 0)
(0.00139644 6.81378e-07 0)
(0.00139651 6.92335e-07 0)
(0.00139658 7.0031e-07 0)
(0.00139665 7.04202e-07 0)
(0.00139672 7.04926e-07 0)
(0.00139684 7.00265e-07 0)
(0.00139687 6.98542e-07 0)
(0.00139688 6.94197e-07 0)
(0.00139686 6.74046e-07 0)
(0.00139687 6.31184e-07 0)
(0.00139688 6.00485e-07 0)
(0.00139687 5.65381e-07 0)
(0.00139686 5.17545e-07 0)
(0.00139685 4.62436e-07 0)
(0.00139685 3.99244e-07 0)
(0.00139686 3.30776e-07 0)
(0.00139687 2.63501e-07 0)
(0.0013969 2.01297e-07 0)
(0.00139692 1.42748e-07 0)
(0.00139694 8.2843e-08 0)
(0.00139697 1.56068e-08 0)
(0.001397 -5.12458e-08 0)
(0.00139705 -1.11849e-07 0)
(0.00139711 -1.60496e-07 0)
(0.00139717 -1.93839e-07 0)
(0.00139722 -2.17226e-07 0)
(0.00139727 -2.45571e-07 0)
(0.00139733 -2.83473e-07 0)
(0.0013974 -3.22022e-07 0)
(0.00139747 -3.44536e-07 0)
(0.00139756 -3.54125e-07 0)
(0.00139763 -3.67367e-07 0)
(0.00139772 -3.62221e-07 0)
(0.00139778 -3.53165e-07 0)
(0.00139774 -3.4738e-07 0)
(0.00139776 -3.29301e-07 0)
(0.0013978 -3.02672e-07 0)
(0.00139785 -2.76519e-07 0)
(0.0013979 -2.52234e-07 0)
(0.00139794 -2.18275e-07 0)
(0.00139799 -1.80391e-07 0)
(0.00139804 -1.55555e-07 0)
(0.00139808 -1.32559e-07 0)
(0.00139813 -1.05164e-07 0)
(0.00139818 -8.10232e-08 0)
(0.00139827 -6.55026e-08 0)
(0.00139829 -5.96023e-08 0)
(0.00139825 -5.34198e-08 0)
(0.00139834 -4.4764e-08 0)
(0.00139838 -3.22728e-08 0)
(0.00139834 -2.83317e-08 0)
(0.00139841 -1.73998e-08 0)
(0.00139837 -6.85284e-09 0)
(0.00139846 3.24716e-10 0)
(0.00139845 7.06659e-09 0)
(0.00139853 1.72632e-08 0)
(0.00139855 3.29647e-08 0)
(0.00139859 3.6537e-08 0)
(0.00100009 3.07541e-06 0)
(0.00100441 8.96016e-06 0)
(0.00101282 1.4149e-05 0)
(0.00102462 1.82615e-05 0)
(0.00103876 2.12185e-05 0)
(0.00105446 2.31442e-05 0)
(0.00107105 2.41919e-05 0)
(0.00108797 2.45455e-05 0)
(0.00110481 2.4386e-05 0)
(0.00112129 2.38557e-05 0)
(0.00113721 2.30919e-05 0)
(0.00115246 2.21978e-05 0)
(0.00116699 2.12374e-05 0)
(0.00118076 2.025e-05 0)
(0.00119378 1.92561e-05 0)
(0.00120606 1.82883e-05 0)
(0.00121766 1.73723e-05 0)
(0.0012286 1.65195e-05 0)
(0.00123893 1.57243e-05 0)
(0.00124868 1.49765e-05 0)
(0.0012579 1.42813e-05 0)
(0.00126661 1.36261e-05 0)
(0.00127487 1.30114e-05 0)
(0.00128271 1.24362e-05 0)
(0.00129015 1.18965e-05 0)
(0.00129723 1.13888e-05 0)
(0.00130397 1.091e-05 0)
(0.00131038 1.04573e-05 0)
(0.0013165 1.00284e-05 0)
(0.00132234 9.62113e-06 0)
(0.00132791 9.23377e-06 0)
(0.00133323 8.86474e-06 0)
(0.00133832 8.51271e-06 0)
(0.00134319 8.17648e-06 0)
(0.00134784 7.85505e-06 0)
(0.0013523 7.54751e-06 0)
(0.00135657 7.25307e-06 0)
(0.00136066 6.97101e-06 0)
(0.00136457 6.7007e-06 0)
(0.00136833 6.44155e-06 0)
(0.00137193 6.19304e-06 0)
(0.00137538 5.95468e-06 0)
(0.0013787 5.72601e-06 0)
(0.00138188 5.50661e-06 0)
(0.00138493 5.29609e-06 0)
(0.00138786 5.09406e-06 0)
(0.00139067 4.90017e-06 0)
(0.00139337 4.71408e-06 0)
(0.00139597 4.53548e-06 0)
(0.00139846 4.36406e-06 0)
(0.00140086 4.1995e-06 0)
(0.00140316 4.04154e-06 0)
(0.00140537 3.88989e-06 0)
(0.0014075 3.74426e-06 0)
(0.00140955 3.60439e-06 0)
(0.00141151 3.46999e-06 0)
(0.0014134 3.3408e-06 0)
(0.00141522 3.21651e-06 0)
(0.00141696 3.09683e-06 0)
(0.00141864 2.98146e-06 0)
(0.00142026 2.87006e-06 0)
(0.00142181 2.76231e-06 0)
(0.00142329 2.65787e-06 0)
(0.00142472 2.55637e-06 0)
(0.00142609 2.45749e-06 0)
(0.0014274 2.36087e-06 0)
(0.00142865 2.2662e-06 0)
(0.00142985 2.1732e-06 0)
(0.00143099 2.08164e-06 0)
(0.00143207 1.99133e-06 0)
(0.00143309 1.90216e-06 0)
(0.00143406 1.8141e-06 0)
(0.00143498 1.72718e-06 0)
(0.00143583 1.6415e-06 0)
(0.00143663 1.55724e-06 0)
(0.00143738 1.47463e-06 0)
(0.00143807 1.39394e-06 0)
(0.0014387 1.31546e-06 0)
(0.00143929 1.23949e-06 0)
(0.00143983 1.1663e-06 0)
(0.00144032 1.09616e-06 0)
(0.00144078 1.02923e-06 0)
(0.00144119 9.65665e-07 0)
(0.00144157 9.0553e-07 0)
(0.00144191 8.48836e-07 0)
(0.00144223 7.95534e-07 0)
(0.00144252 7.45526e-07 0)
(0.0014428 6.98675e-07 0)
(0.00144305 6.54813e-07 0)
(0.00144329 6.13756e-07 0)
(0.00144352 5.75321e-07 0)
(0.00144375 5.39335e-07 0)
(0.00144396 5.05651e-07 0)
(0.00144417 4.74159e-07 0)
(0.00144438 4.44789e-07 0)
(0.00144459 4.17504e-07 0)
(0.00144479 3.92288e-07 0)
(0.001445 3.69129e-07 0)
(0.0014452 3.4801e-07 0)
(0.00144541 3.2891e-07 0)
(0.00144561 3.11801e-07 0)
(0.00144582 2.96659e-07 0)
(0.00144602 2.83456e-07 0)
(0.00144623 2.72142e-07 0)
(0.00144643 2.62632e-07 0)
(0.00144663 2.54811e-07 0)
(0.00144683 2.48557e-07 0)
(0.00144704 2.43752e-07 0)
(0.00144723 2.40289e-07 0)
(0.00144743 2.3806e-07 0)
(0.00144763 2.36963e-07 0)
(0.00144782 2.36874e-07 0)
(0.00144801 2.37662e-07 0)
(0.00144819 2.39189e-07 0)
(0.00144838 2.41355e-07 0)
(0.00144856 2.44129e-07 0)
(0.00144874 2.47462e-07 0)
(0.00144892 2.51348e-07 0)
(0.0014491 2.55723e-07 0)
(0.00144927 2.60668e-07 0)
(0.00144944 2.66057e-07 0)
(0.00144961 2.72145e-07 0)
(0.00144977 2.78713e-07 0)
(0.00144994 2.86019e-07 0)
(0.0014501 2.94124e-07 0)
(0.00145026 3.02375e-07 0)
(0.00145042 3.11501e-07 0)
(0.00145057 3.21164e-07 0)
(0.00145072 3.322e-07 0)
(0.00145087 3.44904e-07 0)
(0.00145102 3.5906e-07 0)
(0.00145116 3.74511e-07 0)
(0.00145131 3.91494e-07 0)
(0.00145145 4.09847e-07 0)
(0.00145159 4.29269e-07 0)
(0.00145173 4.49718e-07 0)
(0.00145186 4.70425e-07 0)
(0.001452 4.91094e-07 0)
(0.00145214 5.11412e-07 0)
(0.00145227 5.30943e-07 0)
(0.0014524 5.48123e-07 0)
(0.00145254 5.6375e-07 0)
(0.00145267 5.75639e-07 0)
(0.00145281 5.83912e-07 0)
(0.00145295 5.86536e-07 0)
(0.00145308 5.89965e-07 0)
(0.00145321 5.97152e-07 0)
(0.00145335 6.05789e-07 0)
(0.00145346 6.19447e-07 0)
(0.00145356 6.2367e-07 0)
(0.00145371 6.07694e-07 0)
(0.00145383 5.87999e-07 0)
(0.00145391 5.71163e-07 0)
(0.00145395 5.42963e-07 0)
(0.00145399 5.03362e-07 0)
(0.00145402 4.52314e-07 0)
(0.00145405 3.84644e-07 0)
(0.00145409 3.11715e-07 0)
(0.00145411 2.35466e-07 0)
(0.00145429 1.83633e-07 0)
(0.00145431 1.30265e-07 0)
(0.00145431 5.95209e-08 0)
(0.00145434 -1.71148e-08 0)
(0.00145437 -9.62903e-08 0)
(0.00145442 -1.71778e-07 0)
(0.00145449 -2.31057e-07 0)
(0.00145455 -2.68488e-07 0)
(0.00145461 -2.97171e-07 0)
(0.00145471 -3.21026e-07 0)
(0.00145476 -3.60832e-07 0)
(0.00145492 -3.96053e-07 0)
(0.00145495 -4.07354e-07 0)
(0.00145493 -4.11959e-07 0)
(0.00145507 -4.00697e-07 0)
(0.00145509 -3.81118e-07 0)
(0.00145512 -3.80841e-07 0)
(0.00145514 -3.8876e-07 0)
(0.00145512 -3.77632e-07 0)
(0.00145526 -3.40405e-07 0)
(0.00145528 -3.20766e-07 0)
(0.00145531 -2.95271e-07 0)
(0.00145532 -2.57622e-07 0)
(0.00145535 -2.23381e-07 0)
(0.00145531 -2.05347e-07 0)
(0.00145529 -1.81738e-07 0)
(0.00145543 -1.49782e-07 0)
(0.00145543 -1.28341e-07 0)
(0.00145554 -1.04597e-07 0)
(0.00145555 -8.83983e-08 0)
(0.00145555 -7.83321e-08 0)
(0.00145556 -6.73789e-08 0)
(0.00145553 -5.27064e-08 0)
(0.00145566 -4.58062e-08 0)
(0.00145567 -4.61001e-08 0)
(0.00145562 -3.66765e-08 0)
(0.00145576 -3.35319e-08 0)
(0.00145577 -3.10368e-08 0)
(0.00145575 -2.22008e-08 0)
(0.00145576 -9.41187e-09 0)
(0.0014559 -4.68311e-09 0)
(0.00100013 1.03672e-06 0)
(0.00100416 2.89242e-06 0)
(0.0010116 4.53531e-06 0)
(0.00102259 5.93554e-06 0)
(0.00103588 6.93602e-06 0)
(0.00105078 7.59296e-06 0)
(0.00106667 7.95931e-06 0)
(0.001083 8.09375e-06 0)
(0.00109937 8.05686e-06 0)
(0.00111549 7.89793e-06 0)
(0.00113117 7.66032e-06 0)
(0.00114628 7.37586e-06 0)
(0.00116077 7.06691e-06 0)
(0.00117459 6.74828e-06 0)
(0.00118776 6.43192e-06 0)
(0.00120029 6.12855e-06 0)
(0.0012122 5.84321e-06 0)
(0.00122354 5.57642e-06 0)
(0.00123432 5.32245e-06 0)
(0.0012446 5.0804e-06 0)
(0.00125439 4.85234e-06 0)
(0.00126373 4.6394e-06 0)
(0.00127265 4.44051e-06 0)
(0.00128117 4.25406e-06 0)
(0.00128933 4.07873e-06 0)
(0.00129714 3.91338e-06 0)
(0.00130463 3.757e-06 0)
(0.0013118 3.60868e-06 0)
(0.00131869 3.46766e-06 0)
(0.00132529 3.33328e-06 0)
(0.00133163 3.20498e-06 0)
(0.00133772 3.0823e-06 0)
(0.00134357 2.96482e-06 0)
(0.00134919 2.85221e-06 0)
(0.00135459 2.74417e-06 0)
(0.00135978 2.64045e-06 0)
(0.00136477 2.54083e-06 0)
(0.00136957 2.4451e-06 0)
(0.00137418 2.35311e-06 0)
(0.00137861 2.26468e-06 0)
(0.00138288 2.17969e-06 0)
(0.00138697 2.09799e-06 0)
(0.00139092 2.01946e-06 0)
(0.00139471 1.944e-06 0)
(0.00139835 1.87149e-06 0)
(0.00140186 1.80183e-06 0)
(0.00140523 1.73492e-06 0)
(0.00140848 1.67067e-06 0)
(0.0014116 1.609e-06 0)
(0.0014146 1.5498e-06 0)
(0.00141749 1.493e-06 0)
(0.00142026 1.43852e-06 0)
(0.00142294 1.38628e-06 0)
(0.00142551 1.33619e-06 0)
(0.00142798 1.28818e-06 0)
(0.00143036 1.24218e-06 0)
(0.00143265 1.1981e-06 0)
(0.00143486 1.15587e-06 0)
(0.00143697 1.11542e-06 0)
(0.00143901 1.07668e-06 0)
(0.00144097 1.03957e-06 0)
(0.00144285 1.00404e-06 0)
(0.00144466 9.70036e-07 0)
(0.00144639 9.37503e-07 0)
(0.00144806 9.06397e-07 0)
(0.00144965 8.76672e-07 0)
(0.00145117 8.48287e-07 0)
(0.00145263 8.21195e-07 0)
(0.00145401 7.95349e-07 0)
(0.00145533 7.70691e-07 0)
(0.00145658 7.47151e-07 0)
(0.00145776 7.24645e-07 0)
(0.00145887 7.03066e-07 0)
(0.00145991 6.82286e-07 0)
(0.00146089 6.62157e-07 0)
(0.0014618 6.42514e-07 0)
(0.00146264 6.23184e-07 0)
(0.00146343 6.03987e-07 0)
(0.00146415 5.84742e-07 0)
(0.00146481 5.6527e-07 0)
(0.00146542 5.45402e-07 0)
(0.00146598 5.24986e-07 0)
(0.00146649 5.03895e-07 0)
(0.00146696 4.8203e-07 0)
(0.00146739 4.5933e-07 0)
(0.00146779 4.35777e-07 0)
(0.00146816 4.11396e-07 0)
(0.0014685 3.86251e-07 0)
(0.00146882 3.60443e-07 0)
(0.00146913 3.3411e-07 0)
(0.00146942 3.07424e-07 0)
(0.0014697 2.80588e-07 0)
(0.00146997 2.53835e-07 0)
(0.00147023 2.27428e-07 0)
(0.00147049 2.0165e-07 0)
(0.00147075 1.76792e-07 0)
(0.001471 1.53126e-07 0)
(0.00147125 1.309e-07 0)
(0.0014715 1.10322e-07 0)
(0.00147175 9.15662e-08 0)
(0.001472 7.47679e-08 0)
(0.00147225 6.00287e-08 0)
(0.00147249 4.74117e-08 0)
(0.00147274 3.69263e-08 0)
(0.00147298 2.85224e-08 0)
(0.00147323 2.21014e-08 0)
(0.00147347 1.75416e-08 0)
(0.00147371 1.47046e-08 0)
(0.00147395 1.34469e-08 0)
(0.00147418 1.36129e-08 0)
(0.00147441 1.50539e-08 0)
(0.00147464 1.76025e-08 0)
(0.00147487 2.10849e-08 0)
(0.00147509 2.53298e-08 0)
(0.00147531 3.02014e-08 0)
(0.00147553 3.56275e-08 0)
(0.00147575 4.15318e-08 0)
(0.00147596 4.79074e-08 0)
(0.00147617 5.47376e-08 0)
(0.00147638 6.21401e-08 0)
(0.00147658 7.00667e-08 0)
(0.00147679 7.86677e-08 0)
(0.00147699 8.77562e-08 0)
(0.00147718 9.7418e-08 0)
(0.00147738 1.07778e-07 0)
(0.00147758 1.18438e-07 0)
(0.00147777 1.30051e-07 0)
(0.00147796 1.42394e-07 0)
(0.00147814 1.55689e-07 0)
(0.00147833 1.70163e-07 0)
(0.00147852 1.85924e-07 0)
(0.0014787 2.02855e-07 0)
(0.00147888 2.21222e-07 0)
(0.00147906 2.40786e-07 0)
(0.00147925 2.61249e-07 0)
(0.00147943 2.82718e-07 0)
(0.00147961 3.04134e-07 0)
(0.00147979 3.25447e-07 0)
(0.00147997 3.45651e-07 0)
(0.00148015 3.6509e-07 0)
(0.00148033 3.82736e-07 0)
(0.0014805 3.99208e-07 0)
(0.00148068 4.13606e-07 0)
(0.00148086 4.23682e-07 0)
(0.00148104 4.2953e-07 0)
(0.00148122 4.32033e-07 0)
(0.00148139 4.37423e-07 0)
(0.00148155 4.43694e-07 0)
(0.0014817 4.52116e-07 0)
(0.00148185 4.54772e-07 0)
(0.001482 4.65388e-07 0)
(0.00148215 4.81252e-07 0)
(0.00148231 4.73948e-07 0)
(0.00148243 4.52458e-07 0)
(0.00148254 4.21247e-07 0)
(0.00148264 3.71443e-07 0)
(0.00148273 3.08057e-07 0)
(0.00148281 2.44145e-07 0)
(0.00148289 1.77523e-07 0)
(0.00148296 1.11779e-07 0)
(0.00148303 4.19183e-08 0)
(0.0014831 -3.04268e-08 0)
(0.00148323 -1.0038e-07 0)
(0.00148327 -1.64753e-07 0)
(0.00148347 -2.25786e-07 0)
(0.00148351 -2.67894e-07 0)
(0.00148356 -3.09648e-07 0)
(0.00148358 -3.52206e-07 0)
(0.00148353 -3.9376e-07 0)
(0.00148368 -4.29254e-07 0)
(0.00148369 -4.4324e-07 0)
(0.00148372 -4.54054e-07 0)
(0.00148376 -4.45541e-07 0)
(0.00148377 -4.25044e-07 0)
(0.0014837 -4.08963e-07 0)
(0.00148384 -4.08954e-07 0)
(0.00148373 -4.18178e-07 0)
(0.00148383 -3.88877e-07 0)
(0.00148378 -3.71545e-07 0)
(0.00148387 -3.48669e-07 0)
(0.00148389 -3.07253e-07 0)
(0.00148393 -2.65153e-07 0)
(0.00148387 -2.50492e-07 0)
(0.00148401 -2.19616e-07 0)
(0.001484 -2.03908e-07 0)
(0.00148394 -1.94821e-07 0)
(0.00148408 -1.68403e-07 0)
(0.00148407 -1.40757e-07 0)
(0.00148409 -1.17088e-07 0)
(0.00148412 -1.02062e-07 0)
(0.00148412 -9.19997e-08 0)
(0.00148407 -8.63378e-08 0)
(0.00148422 -7.88999e-08 0)
(0.00148423 -7.96447e-08 0)
(0.00148416 -7.38293e-08 0)
(0.00148431 -7.16343e-08 0)
(0.00148432 -6.9169e-08 0)
(0.00148428 -6.75847e-08 0)
(0.00148442 -5.42681e-08 0)
(0.00148446 -4.7907e-08 0)
(0.00100013 -1.03545e-06 0)
(0.00100416 -2.89123e-06 0)
(0.00101159 -4.53631e-06 0)
(0.00102259 -5.93449e-06 0)
(0.00103588 -6.93568e-06 0)
(0.00105078 -7.59287e-06 0)
(0.00106667 -7.95937e-06 0)
(0.001083 -8.09389e-06 0)
(0.00109937 -8.05702e-06 0)
(0.0011155 -7.89807e-06 0)
(0.00113117 -7.66043e-06 0)
(0.00114628 -7.37591e-06 0)
(0.00116077 -7.06689e-06 0)
(0.0011746 -6.74819e-06 0)
(0.00118776 -6.43175e-06 0)
(0.00120029 -6.1283e-06 0)
(0.0012122 -5.8429e-06 0)
(0.00122354 -5.57603e-06 0)
(0.00123432 -5.32199e-06 0)
(0.0012446 -5.07987e-06 0)
(0.00125439 -4.85174e-06 0)
(0.00126373 -4.63872e-06 0)
(0.00127265 -4.43975e-06 0)
(0.00128117 -4.25323e-06 0)
(0.00128933 -4.0778e-06 0)
(0.00129714 -3.91234e-06 0)
(0.00130463 -3.75582e-06 0)
(0.0013118 -3.60734e-06 0)
(0.00131869 -3.46613e-06 0)
(0.00132529 -3.33152e-06 0)
(0.00133163 -3.20296e-06 0)
(0.00133772 -3.07996e-06 0)
(0.00134357 -2.96211e-06 0)
(0.00134919 -2.84908e-06 0)
(0.00135459 -2.74056e-06 0)
(0.00135978 -2.6363e-06 0)
(0.00136477 -2.53607e-06 0)
(0.00136957 -2.43968e-06 0)
(0.00137418 -2.34694e-06 0)
(0.00137861 -2.2577e-06 0)
(0.00138288 -2.1718e-06 0)
(0.00138698 -2.0891e-06 0)
(0.00139092 -2.00948e-06 0)
(0.00139471 -1.9328e-06 0)
(0.00139835 -1.85896e-06 0)
(0.00140186 -1.78782e-06 0)
(0.00140523 -1.71928e-06 0)
(0.00140848 -1.65324e-06 0)
(0.0014116 -1.58957e-06 0)
(0.0014146 -1.52819e-06 0)
(0.00141749 -1.46898e-06 0)
(0.00142027 -1.41185e-06 0)
(0.00142294 -1.35668e-06 0)
(0.00142551 -1.30338e-06 0)
(0.00142799 -1.25183e-06 0)
(0.00143037 -1.20192e-06 0)
(0.00143266 -1.15352e-06 0)
(0.00143486 -1.10649e-06 0)
(0.00143698 -1.06069e-06 0)
(0.00143902 -1.01592e-06 0)
(0.00144098 -9.72012e-07 0)
(0.00144287 -9.28726e-07 0)
(0.00144468 -8.85821e-07 0)
(0.00144642 -8.43035e-07 0)
(0.00144808 -8.001e-07 0)
(0.00144968 -7.56752e-07 0)
(0.00145121 -7.12751e-07 0)
(0.00145266 -6.67894e-07 0)
(0.00145406 -6.22038e-07 0)
(0.00145538 -5.75113e-07 0)
(0.00145663 -5.27149e-07 0)
(0.00145782 -4.78284e-07 0)
(0.00145894 -4.28775e-07 0)
(0.00146 -3.79e-07 0)
(0.00146098 -3.29447e-07 0)
(0.00146191 -2.80692e-07 0)
(0.00146276 -2.33376e-07 0)
(0.00146356 -1.88177e-07 0)
(0.00146429 -1.45779e-07 0)
(0.00146497 -1.0684e-07 0)
(0.0014656 -7.19543e-08 0)
(0.00146617 -4.16332e-08 0)
(0.0014667 -1.62748e-08 0)
(0.00146718 3.8497e-09 0)
(0.00146763 1.86118e-08 0)
(0.00146804 2.80265e-08 0)
(0.00146842 3.22481e-08 0)
(0.00146877 3.15518e-08 0)
(0.00146911 2.63211e-08 0)
(0.00146942 1.70269e-08 0)
(0.00146972 4.21378e-09 0)
(0.00147001 -1.15244e-08 0)
(0.00147029 -2.95566e-08 0)
(0.00147055 -4.92368e-08 0)
(0.00147082 -6.99188e-08 0)
(0.00147108 -9.09839e-08 0)
(0.00147133 -1.11859e-07 0)
(0.00147158 -1.32032e-07 0)
(0.00147183 -1.51059e-07 0)
(0.00147208 -1.68564e-07 0)
(0.00147232 -1.84236e-07 0)
(0.00147257 -1.9784e-07 0)
(0.00147281 -2.09221e-07 0)
(0.00147305 -2.18309e-07 0)
(0.00147329 -2.2511e-07 0)
(0.00147353 -2.29696e-07 0)
(0.00147377 -2.32177e-07 0)
(0.001474 -2.32698e-07 0)
(0.00147424 -2.31432e-07 0)
(0.00147447 -2.28575e-07 0)
(0.00147469 -2.24326e-07 0)
(0.00147492 -2.18903e-07 0)
(0.00147514 -2.12515e-07 0)
(0.00147536 -2.05361e-07 0)
(0.00147557 -1.9761e-07 0)
(0.00147579 -1.8939e-07 0)
(0.001476 -1.80808e-07 0)
(0.00147621 -1.71868e-07 0)
(0.00147641 -1.62543e-07 0)
(0.00147662 -1.52709e-07 0)
(0.00147682 -1.42382e-07 0)
(0.00147702 -1.31523e-07 0)
(0.00147722 -1.20263e-07 0)
(0.00147741 -1.08572e-07 0)
(0.00147761 -9.63519e-08 0)
(0.0014778 -8.37621e-08 0)
(0.00147799 -7.04388e-08 0)
(0.00147818 -5.64357e-08 0)
(0.00147837 -4.16886e-08 0)
(0.00147856 -2.61093e-08 0)
(0.00147875 -9.4674e-09 0)
(0.00147894 8.14871e-09 0)
(0.00147912 2.6972e-08 0)
(0.00147931 4.68711e-08 0)
(0.0014795 6.76079e-08 0)
(0.00147969 8.90309e-08 0)
(0.00147988 1.10336e-07 0)
(0.00148007 1.31639e-07 0)
(0.00148026 1.51641e-07 0)
(0.00148045 1.71073e-07 0)
(0.00148064 1.89032e-07 0)
(0.00148083 2.06552e-07 0)
(0.00148102 2.22869e-07 0)
(0.00148121 2.35271e-07 0)
(0.00148139 2.45808e-07 0)
(0.00148158 2.52436e-07 0)
(0.00148176 2.59892e-07 0)
(0.00148193 2.67087e-07 0)
(0.0014821 2.80754e-07 0)
(0.00148226 2.94267e-07 0)
(0.00148243 3.06365e-07 0)
(0.0014826 3.25541e-07 0)
(0.00148277 3.22556e-07 0)
(0.00148293 3.14414e-07 0)
(0.00148307 2.92018e-07 0)
(0.0014832 2.29361e-07 0)
(0.00148334 1.69614e-07 0)
(0.00148345 1.19769e-07 0)
(0.00148352 6.98982e-08 0)
(0.00148367 1.52096e-08 0)
(0.00148372 -4.48724e-08 0)
(0.00148379 -1.15473e-07 0)
(0.00148383 -1.83535e-07 0)
(0.00148386 -2.36317e-07 0)
(0.0014839 -2.76774e-07 0)
(0.0014839 -3.21855e-07 0)
(0.00148411 -3.59321e-07 0)
(0.00148417 -3.99e-07 0)
(0.00148415 -4.40623e-07 0)
(0.00148417 -4.64728e-07 0)
(0.00148415 -4.71013e-07 0)
(0.00148418 -4.7266e-07 0)
(0.00148409 -4.58577e-07 0)
(0.00148415 -4.3216e-07 0)
(0.00148412 -4.30532e-07 0)
(0.00148425 -4.0811e-07 0)
(0.00148415 -3.95118e-07 0)
(0.00148408 -3.76202e-07 0)
(0.00148421 -3.75932e-07 0)
(0.00148421 -3.63726e-07 0)
(0.00148414 -3.20819e-07 0)
(0.00148411 -2.88179e-07 0)
(0.00148425 -2.68318e-07 0)
(0.00148426 -2.38589e-07 0)
(0.00148416 -2.12904e-07 0)
(0.00148428 -1.98112e-07 0)
(0.00148428 -1.8746e-07 0)
(0.00148419 -1.73902e-07 0)
(0.0014843 -1.48093e-07 0)
(0.0014843 -1.2838e-07 0)
(0.00148425 -1.14617e-07 0)
(0.00148425 -1.10654e-07 0)
(0.0014844 -1.02479e-07 0)
(0.00148442 -9.93004e-08 0)
(0.00148433 -1.03082e-07 0)
(0.00148437 -1.03369e-07 0)
(0.00148434 -1.0567e-07 0)
(0.00148451 -1.06083e-07 0)
(0.00148453 -1.0362e-07 0)
(0.00148455 -1.00108e-07 0)
(0.0010001 -3.07558e-06 0)
(0.00100441 -8.96037e-06 0)
(0.00101282 -1.41474e-05 0)
(0.00102462 -1.82616e-05 0)
(0.00103876 -2.12182e-05 0)
(0.00105446 -2.31441e-05 0)
(0.00107105 -2.41919e-05 0)
(0.00108797 -2.45456e-05 0)
(0.00110481 -2.43861e-05 0)
(0.00112129 -2.38558e-05 0)
(0.00113721 -2.30919e-05 0)
(0.00115246 -2.21978e-05 0)
(0.00116699 -2.12373e-05 0)
(0.00118076 -2.02499e-05 0)
(0.00119378 -1.92559e-05 0)
(0.00120606 -1.8288e-05 0)
(0.00121766 -1.7372e-05 0)
(0.0012286 -1.65191e-05 0)
(0.00123893 -1.57238e-05 0)
(0.00124868 -1.4976e-05 0)
(0.0012579 -1.42807e-05 0)
(0.00126661 -1.36255e-05 0)
(0.00127487 -1.30106e-05 0)
(0.00128271 -1.24354e-05 0)
(0.00129015 -1.18956e-05 0)
(0.00129723 -1.13878e-05 0)
(0.00130397 -1.09088e-05 0)
(0.00131038 -1.0456e-05 0)
(0.0013165 -1.00269e-05 0)
(0.00132234 -9.6194e-06 0)
(0.00132791 -9.23178e-06 0)
(0.00133323 -8.86245e-06 0)
(0.00133832 -8.51005e-06 0)
(0.00134319 -8.17342e-06 0)
(0.00134784 -7.85153e-06 0)
(0.0013523 -7.54347e-06 0)
(0.00135657 -7.24845e-06 0)
(0.00136066 -6.96575e-06 0)
(0.00136457 -6.69472e-06 0)
(0.00136833 -6.43479e-06 0)
(0.00137193 -6.18542e-06 0)
(0.00137539 -5.9461e-06 0)
(0.0013787 -5.71638e-06 0)
(0.00138188 -5.49583e-06 0)
(0.00138493 -5.28402e-06 0)
(0.00138786 -5.08058e-06 0)
(0.00139068 -4.88514e-06 0)
(0.00139338 -4.69735e-06 0)
(0.00139598 -4.51686e-06 0)
(0.00139847 -4.34335e-06 0)
(0.00140087 -4.17652e-06 0)
(0.00140317 -4.01604e-06 0)
(0.00140539 -3.86161e-06 0)
(0.00140752 -3.71294e-06 0)
(0.00140956 -3.56973e-06 0)
(0.00141153 -3.43165e-06 0)
(0.00141343 -3.29839e-06 0)
(0.00141525 -3.1696e-06 0)
(0.001417 -3.04492e-06 0)
(0.00141868 -2.92394e-06 0)
(0.0014203 -2.80622e-06 0)
(0.00142185 -2.69128e-06 0)
(0.00142335 -2.57862e-06 0)
(0.00142478 -2.46767e-06 0)
(0.00142616 -2.35789e-06 0)
(0.00142748 -2.24875e-06 0)
(0.00142874 -2.13972e-06 0)
(0.00142995 -2.03037e-06 0)
(0.00143111 -1.92036e-06 0)
(0.00143221 -1.8095e-06 0)
(0.00143326 -1.69773e-06 0)
(0.00143425 -1.58522e-06 0)
(0.00143519 -1.47232e-06 0)
(0.00143607 -1.35958e-06 0)
(0.0014369 -1.24777e-06 0)
(0.00143768 -1.13778e-06 0)
(0.00143841 -1.03065e-06 0)
(0.00143909 -9.27476e-07 0)
(0.00143971 -8.29377e-07 0)
(0.0014403 -7.3743e-07 0)
(0.00144083 -6.52617e-07 0)
(0.00144133 -5.75777e-07 0)
(0.00144178 -5.07564e-07 0)
(0.0014422 -4.48423e-07 0)
(0.00144259 -3.98571e-07 0)
(0.00144294 -3.57988e-07 0)
(0.00144327 -3.26439e-07 0)
(0.00144358 -3.03487e-07 0)
(0.00144387 -2.88527e-07 0)
(0.00144414 -2.80812e-07 0)
(0.00144439 -2.79489e-07 0)
(0.00144464 -2.83627e-07 0)
(0.00144487 -2.92261e-07 0)
(0.00144509 -3.04408e-07 0)
(0.00144531 -3.1912e-07 0)
(0.00144552 -3.35489e-07 0)
(0.00144573 -3.52693e-07 0)
(0.00144594 -3.69983e-07 0)
(0.00144614 -3.86704e-07 0)
(0.00144634 -4.02284e-07 0)
(0.00144654 -4.16259e-07 0)
(0.00144673 -4.28267e-07 0)
(0.00144693 -4.3807e-07 0)
(0.00144712 -4.45533e-07 0)
(0.00144731 -4.50617e-07 0)
(0.0014475 -4.53347e-07 0)
(0.00144769 -4.53813e-07 0)
(0.00144788 -4.5215e-07 0)
(0.00144806 -4.48544e-07 0)
(0.00144824 -4.43217e-07 0)
(0.00144842 -4.36418e-07 0)
(0.0014486 -4.28402e-07 0)
(0.00144878 -4.19413e-07 0)
(0.00144895 -4.09665e-07 0)
(0.00144912 -3.99371e-07 0)
(0.00144929 -3.88702e-07 0)
(0.00144946 -3.77792e-07 0)
(0.00144963 -3.66647e-07 0)
(0.00144979 -3.55226e-07 0)
(0.00144995 -3.43437e-07 0)
(0.00145011 -3.31306e-07 0)
(0.00145027 -3.18828e-07 0)
(0.00145043 -3.06084e-07 0)
(0.00145059 -2.93067e-07 0)
(0.00145075 -2.79731e-07 0)
(0.0014509 -2.66108e-07 0)
(0.00145106 -2.51987e-07 0)
(0.00145121 -2.37313e-07 0)
(0.00145137 -2.22068e-07 0)
(0.00145153 -2.06275e-07 0)
(0.00145168 -1.89747e-07 0)
(0.00145184 -1.7249e-07 0)
(0.001452 -1.54305e-07 0)
(0.00145216 -1.3526e-07 0)
(0.00145232 -1.15567e-07 0)
(0.00145248 -9.52542e-08 0)
(0.00145265 -7.47875e-08 0)
(0.00145281 -5.43408e-08 0)
(0.00145298 -3.4949e-08 0)
(0.00145315 -1.61441e-08 0)
(0.00145332 1.4598e-09 0)
(0.00145349 1.90147e-08 0)
(0.00145366 3.51451e-08 0)
(0.00145383 4.8488e-08 0)
(0.001454 6.12431e-08 0)
(0.00145417 7.17019e-08 0)
(0.00145433 8.35436e-08 0)
(0.0014545 9.41885e-08 0)
(0.00145465 1.11199e-07 0)
(0.0014548 1.26558e-07 0)
(0.00145497 1.4184e-07 0)
(0.00145513 1.55129e-07 0)
(0.0014553 1.52719e-07 0)
(0.00145545 1.53e-07 0)
(0.00145561 1.3713e-07 0)
(0.00145574 1.00739e-07 0)
(0.00145584 5.00865e-08 0)
(0.00145596 6.87313e-09 0)
(0.00145604 -2.43197e-08 0)
(0.00145606 -6.64451e-08 0)
(0.00145618 -1.17633e-07 0)
(0.00145616 -1.67e-07 0)
(0.0014562 -2.19602e-07 0)
(0.00145623 -2.56538e-07 0)
(0.00145616 -3.0273e-07 0)
(0.00145632 -3.40876e-07 0)
(0.00145633 -3.80796e-07 0)
(0.00145625 -4.27921e-07 0)
(0.00145631 -4.69607e-07 0)
(0.00145622 -4.78518e-07 0)
(0.00145617 -4.71362e-07 0)
(0.00145613 -4.68089e-07 0)
(0.00145623 -4.5278e-07 0)
(0.00145626 -4.41282e-07 0)
(0.00145617 -4.30205e-07 0)
(0.00145621 -4.02746e-07 0)
(0.00145615 -3.76557e-07 0)
(0.00145611 -3.66948e-07 0)
(0.0014562 -3.47288e-07 0)
(0.0014561 -3.28744e-07 0)
(0.00145599 -3.15566e-07 0)
(0.00145608 -3.02625e-07 0)
(0.00145604 -2.75277e-07 0)
(0.00145603 -2.39544e-07 0)
(0.00145604 -2.19922e-07 0)
(0.00145603 -1.98803e-07 0)
(0.00145613 -1.88497e-07 0)
(0.0014561 -1.87706e-07 0)
(0.00145604 -1.70258e-07 0)
(0.00145614 -1.39441e-07 0)
(0.00145607 -1.31113e-07 0)
(0.00145617 -1.2565e-07 0)
(0.00145619 -1.20651e-07 0)
(0.0014562 -1.15102e-07 0)
(0.0014562 -1.16208e-07 0)
(0.00145621 -1.1755e-07 0)
(0.00145621 -1.23504e-07 0)
(0.00145625 -1.33308e-07 0)
(0.00145624 -1.43277e-07 0)
(0.00145628 -1.4728e-07 0)
(0.0010001 -5.45975e-06 0)
(0.00100529 -1.59335e-05 0)
(0.00101527 -2.49128e-05 0)
(0.00102895 -3.1832e-05 0)
(0.00104496 -3.67304e-05 0)
(0.00106238 -3.98272e-05 0)
(0.00108044 -4.13919e-05 0)
(0.00109854 -4.17902e-05 0)
(0.00111628 -4.13439e-05 0)
(0.00113333 -4.02694e-05 0)
(0.00114952 -3.87833e-05 0)
(0.00116478 -3.70725e-05 0)
(0.00117905 -3.52797e-05 0)
(0.00119232 -3.34707e-05 0)
(0.00120468 -3.17331e-05 0)
(0.0012161 -3.00601e-05 0)
(0.00122664 -2.84578e-05 0)
(0.00123636 -2.69292e-05 0)
(0.00124533 -2.54437e-05 0)
(0.00125366 -2.40629e-05 0)
(0.00126141 -2.27933e-05 0)
(0.00126862 -2.16258e-05 0)
(0.00127534 -2.05466e-05 0)
(0.0012816 -1.95434e-05 0)
(0.00128746 -1.86084e-05 0)
(0.00129293 -1.77349e-05 0)
(0.00129807 -1.69169e-05 0)
(0.00130288 -1.61491e-05 0)
(0.00130741 -1.5427e-05 0)
(0.00131167 -1.47465e-05 0)
(0.00131569 -1.41041e-05 0)
(0.00131949 -1.34966e-05 0)
(0.00132307 -1.29212e-05 0)
(0.00132646 -1.23754e-05 0)
(0.00132968 -1.18572e-05 0)
(0.00133272 -1.13646e-05 0)
(0.00133562 -1.08958e-05 0)
(0.00133837 -1.04492e-05 0)
(0.00134099 -1.00236e-05 0)
(0.00134348 -9.6176e-06 0)
(0.00134585 -9.23006e-06 0)
(0.00134811 -8.85993e-06 0)
(0.00135027 -8.50623e-06 0)
(0.00135234 -8.16806e-06 0)
(0.00135431 -7.8446e-06 0)
(0.00135619 -7.53506e-06 0)
(0.00135799 -7.23872e-06 0)
(0.00135972 -6.9549e-06 0)
(0.00136137 -6.68297e-06 0)
(0.00136296 -6.42231e-06 0)
(0.00136447 -6.17236e-06 0)
(0.00136593 -5.93257e-06 0)
(0.00136733 -5.70241e-06 0)
(0.00136867 -5.48138e-06 0)
(0.00136995 -5.26897e-06 0)
(0.00137119 -5.06469e-06 0)
(0.00137237 -4.86802e-06 0)
(0.00137351 -4.67844e-06 0)
(0.00137461 -4.4954e-06 0)
(0.00137566 -4.31832e-06 0)
(0.00137667 -4.14656e-06 0)
(0.00137765 -3.97947e-06 0)
(0.00137858 -3.81631e-06 0)
(0.00137948 -3.65634e-06 0)
(0.00138035 -3.49879e-06 0)
(0.00138118 -3.3429e-06 0)
(0.00138197 -3.18795e-06 0)
(0.00138274 -3.0333e-06 0)
(0.00138347 -2.87844e-06 0)
(0.00138417 -2.72301e-06 0)
(0.00138484 -2.56688e-06 0)
(0.00138548 -2.41012e-06 0)
(0.00138609 -2.25311e-06 0)
(0.00138667 -2.09645e-06 0)
(0.00138721 -1.94101e-06 0)
(0.00138773 -1.78788e-06 0)
(0.00138821 -1.6383e-06 0)
(0.00138867 -1.49365e-06 0)
(0.00138909 -1.35532e-06 0)
(0.00138949 -1.22468e-06 0)
(0.00138985 -1.10301e-06 0)
(0.00139019 -9.914e-07 0)
(0.00139051 -8.90724e-07 0)
(0.0013908 -8.01595e-07 0)
(0.00139106 -7.24345e-07 0)
(0.00139131 -6.5901e-07 0)
(0.00139154 -6.05356e-07 0)
(0.00139175 -5.62885e-07 0)
(0.00139195 -5.30886e-07 0)
(0.00139213 -5.08454e-07 0)
(0.0013923 -4.94553e-07 0)
(0.00139246 -4.8804e-07 0)
(0.00139261 -4.87733e-07 0)
(0.00139275 -4.92431e-07 0)
(0.00139289 -5.00983e-07 0)
(0.00139302 -5.12293e-07 0)
(0.00139315 -5.25363e-07 0)
(0.00139327 -5.39273e-07 0)
(0.00139339 -5.53208e-07 0)
(0.00139351 -5.66449e-07 0)
(0.00139363 -5.78411e-07 0)
(0.00139374 -5.88638e-07 0)
(0.00139385 -5.96826e-07 0)
(0.00139396 -6.02777e-07 0)
(0.00139407 -6.064e-07 0)
(0.00139418 -6.07665e-07 0)
(0.00139428 -6.06625e-07 0)
(0.00139439 -6.03389e-07 0)
(0.0013945 -5.98144e-07 0)
(0.0013946 -5.91121e-07 0)
(0.0013947 -5.82595e-07 0)
(0.0013948 -5.72836e-07 0)
(0.0013949 -5.62105e-07 0)
(0.001395 -5.50637e-07 0)
(0.0013951 -5.38675e-07 0)
(0.0013952 -5.26417e-07 0)
(0.00139529 -5.14009e-07 0)
(0.00139539 -5.01474e-07 0)
(0.00139548 -4.888e-07 0)
(0.00139558 -4.7595e-07 0)
(0.00139567 -4.62962e-07 0)
(0.00139576 -4.49838e-07 0)
(0.00139586 -4.36622e-07 0)
(0.00139595 -4.23301e-07 0)
(0.00139605 -4.09861e-07 0)
(0.00139614 -3.96277e-07 0)
(0.00139623 -3.82432e-07 0)
(0.00139633 -3.68218e-07 0)
(0.00139643 -3.53614e-07 0)
(0.00139653 -3.38691e-07 0)
(0.00139663 -3.23362e-07 0)
(0.00139673 -3.07587e-07 0)
(0.00139683 -2.91206e-07 0)
(0.00139694 -2.74239e-07 0)
(0.00139705 -2.56737e-07 0)
(0.00139716 -2.38639e-07 0)
(0.00139727 -2.20218e-07 0)
(0.00139739 -2.01793e-07 0)
(0.00139751 -1.83931e-07 0)
(0.00139763 -1.66513e-07 0)
(0.00139775 -1.49943e-07 0)
(0.00139788 -1.33814e-07 0)
(0.001398 -1.19024e-07 0)
(0.00139813 -1.0532e-07 0)
(0.00139826 -9.17421e-08 0)
(0.00139839 -7.84875e-08 0)
(0.00139851 -6.52073e-08 0)
(0.00139864 -5.29287e-08 0)
(0.00139877 -3.80115e-08 0)
(0.00139889 -2.4468e-08 0)
(0.00139902 -8.02318e-09 0)
(0.00139914 -7.77264e-10 0)
(0.00139928 2.06114e-09 0)
(0.00139939 9.63957e-10 0)
(0.0013995 -9.08142e-09 0)
(0.00139961 -9.04979e-09 0)
(0.00139975 -2.96116e-08 0)
(0.00139976 -4.21441e-08 0)
(0.00139977 -7.42518e-08 0)
(0.00139984 -1.16718e-07 0)
(0.00139979 -1.5223e-07 0)
(0.00139982 -1.87126e-07 0)
(0.00139977 -2.16512e-07 0)
(0.00139976 -2.56233e-07 0)
(0.00139971 -3.03476e-07 0)
(0.0013998 -3.36221e-07 0)
(0.00139974 -3.79198e-07 0)
(0.00139975 -4.22602e-07 0)
(0.00139966 -4.44023e-07 0)
(0.00139965 -4.43131e-07 0)
(0.00139963 -4.40774e-07 0)
(0.00139958 -4.3609e-07 0)
(0.00139955 -4.36283e-07 0)
(0.00139951 -4.27221e-07 0)
(0.00139943 -4.10262e-07 0)
(0.0013994 -3.85883e-07 0)
(0.00139936 -3.6012e-07 0)
(0.00139938 -3.38199e-07 0)
(0.00139938 -3.1061e-07 0)
(0.0013993 -2.87734e-07 0)
(0.00139924 -2.86545e-07 0)
(0.0013992 -2.87121e-07 0)
(0.00139922 -2.6733e-07 0)
(0.00139918 -2.47041e-07 0)
(0.00139921 -2.26954e-07 0)
(0.00139916 -2.09617e-07 0)
(0.0013992 -1.91804e-07 0)
(0.00139919 -1.77579e-07 0)
(0.00139912 -1.67576e-07 0)
(0.00139918 -1.50197e-07 0)
(0.00139919 -1.42696e-07 0)
(0.00139919 -1.35766e-07 0)
(0.0013992 -1.31016e-07 0)
(0.00139919 -1.26624e-07 0)
(0.0013992 -1.24951e-07 0)
(0.0013992 -1.24446e-07 0)
(0.00139921 -1.2918e-07 0)
(0.00139921 -1.40761e-07 0)
(0.00139917 -1.66476e-07 0)
(0.00139924 -1.7321e-07 0)
(0.00100012 -8.47433e-06 0)
(0.00100699 -2.46108e-05 0)
(0.00101984 -3.79329e-05 0)
(0.00103675 -4.77735e-05 0)
(0.00105586 -5.45161e-05 0)
(0.00107602 -5.85507e-05 0)
(0.00109623 -6.02624e-05 0)
(0.00111587 -6.02147e-05 0)
(0.00113444 -5.89944e-05 0)
(0.00115166 -5.69773e-05 0)
(0.00116751 -5.45738e-05 0)
(0.00118184 -5.18724e-05 0)
(0.00119452 -4.89192e-05 0)
(0.00120581 -4.59798e-05 0)
(0.00121578 -4.30221e-05 0)
(0.00122469 -4.0216e-05 0)
(0.00123264 -3.76114e-05 0)
(0.00123973 -3.52085e-05 0)
(0.00124606 -3.30517e-05 0)
(0.0012517 -3.10805e-05 0)
(0.00125673 -2.92533e-05 0)
(0.00126123 -2.75648e-05 0)
(0.00126524 -2.6006e-05 0)
(0.00126883 -2.45671e-05 0)
(0.00127205 -2.32378e-05 0)
(0.00127495 -2.20079e-05 0)
(0.00127756 -2.08681e-05 0)
(0.00127992 -1.98097e-05 0)
(0.00128205 -1.88248e-05 0)
(0.00128399 -1.79064e-05 0)
(0.00128575 -1.70483e-05 0)
(0.00128736 -1.6245e-05 0)
(0.00128883 -1.54915e-05 0)
(0.00129019 -1.47835e-05 0)
(0.00129143 -1.4117e-05 0)
(0.00129257 -1.34888e-05 0)
(0.00129363 -1.28957e-05 0)
(0.00129462 -1.2335e-05 0)
(0.00129553 -1.18043e-05 0)
(0.00129637 -1.13014e-05 0)
(0.00129717 -1.08243e-05 0)
(0.00129791 -1.03712e-05 0)
(0.0012986 -9.94056e-06 0)
(0.00129925 -9.53089e-06 0)
(0.00129986 -9.14085e-06 0)
(0.00130044 -8.7692e-06 0)
(0.00130098 -8.41482e-06 0)
(0.0013015 -8.07668e-06 0)
(0.00130198 -7.75382e-06 0)
(0.00130245 -7.44535e-06 0)
(0.00130288 -7.15044e-06 0)
(0.0013033 -6.86832e-06 0)
(0.0013037 -6.59827e-06 0)
(0.00130408 -6.33958e-06 0)
(0.00130444 -6.09159e-06 0)
(0.00130479 -5.85366e-06 0)
(0.00130512 -5.62515e-06 0)
(0.00130544 -5.40541e-06 0)
(0.00130574 -5.19378e-06 0)
(0.00130603 -4.98958e-06 0)
(0.00130632 -4.79208e-06 0)
(0.00130659 -4.60051e-06 0)
(0.00130685 -4.41406e-06 0)
(0.0013071 -4.23188e-06 0)
(0.00130735 -4.0531e-06 0)
(0.00130759 -3.87683e-06 0)
(0.00130782 -3.70224e-06 0)
(0.00130805 -3.52856e-06 0)
(0.00130827 -3.35514e-06 0)
(0.00130849 -3.18148e-06 0)
(0.0013087 -3.0073e-06 0)
(0.00130891 -2.83259e-06 0)
(0.00130911 -2.65758e-06 0)
(0.00130931 -2.48282e-06 0)
(0.00130951 -2.30911e-06 0)
(0.00130969 -2.13752e-06 0)
(0.00130988 -1.96932e-06 0)
(0.00131005 -1.80594e-06 0)
(0.00131022 -1.64887e-06 0)
(0.00131038 -1.4996e-06 0)
(0.00131054 -1.35954e-06 0)
(0.00131068 -1.22994e-06 0)
(0.00131082 -1.11183e-06 0)
(0.00131094 -1.00597e-06 0)
(0.00131106 -9.12816e-07 0)
(0.00131117 -8.32534e-07 0)
(0.00131127 -7.64956e-07 0)
(0.00131136 -7.09672e-07 0)
(0.00131144 -6.65968e-07 0)
(0.00131151 -6.32968e-07 0)
(0.00131158 -6.09576e-07 0)
(0.00131163 -5.94633e-07 0)
(0.00131168 -5.86863e-07 0)
(0.00131173 -5.85036e-07 0)
(0.00131177 -5.87901e-07 0)
(0.00131181 -5.9433e-07 0)
(0.00131184 -6.03218e-07 0)
(0.00131186 -6.13598e-07 0)
(0.00131189 -6.24539e-07 0)
(0.00131191 -6.35277e-07 0)
(0.00131193 -6.45131e-07 0)
(0.00131194 -6.53626e-07 0)
(0.00131196 -6.60379e-07 0)
(0.00131197 -6.65175e-07 0)
(0.00131199 -6.67834e-07 0)
(0.001312 -6.683e-07 0)
(0.00131201 -6.66549e-07 0)
(0.00131202 -6.62691e-07 0)
(0.00131204 -6.56864e-07 0)
(0.00131205 -6.49315e-07 0)
(0.00131206 -6.40282e-07 0)
(0.00131207 -6.3005e-07 0)
(0.00131209 -6.1885e-07 0)
(0.0013121 -6.06954e-07 0)
(0.00131211 -5.94587e-07 0)
(0.00131213 -5.81979e-07 0)
(0.00131214 -5.69249e-07 0)
(0.00131216 -5.56483e-07 0)
(0.00131217 -5.43701e-07 0)
(0.00131219 -5.3095e-07 0)
(0.0013122 -5.18249e-07 0)
(0.00131222 -5.0561e-07 0)
(0.00131224 -4.93021e-07 0)
(0.00131226 -4.80493e-07 0)
(0.00131228 -4.67999e-07 0)
(0.0013123 -4.55512e-07 0)
(0.00131232 -4.42932e-07 0)
(0.00131235 -4.30192e-07 0)
(0.00131238 -4.17263e-07 0)
(0.00131241 -4.0424e-07 0)
(0.00131244 -3.91079e-07 0)
(0.00131247 -3.77769e-07 0)
(0.00131251 -3.64143e-07 0)
(0.00131255 -3.50153e-07 0)
(0.0013126 -3.35707e-07 0)
(0.00131264 -3.20821e-07 0)
(0.00131269 -3.05579e-07 0)
(0.00131275 -2.90234e-07 0)
(0.00131281 -2.74956e-07 0)
(0.00131287 -2.60003e-07 0)
(0.00131293 -2.45635e-07 0)
(0.001313 -2.32223e-07 0)
(0.00131306 -2.1935e-07 0)
(0.00131314 -2.07481e-07 0)
(0.00131321 -1.94858e-07 0)
(0.00131329 -1.81413e-07 0)
(0.00131337 -1.68493e-07 0)
(0.00131345 -1.57293e-07 0)
(0.00131353 -1.44355e-07 0)
(0.0013136 -1.27698e-07 0)
(0.00131368 -1.11163e-07 0)
(0.00131376 -1.02345e-07 0)
(0.00131383 -9.32606e-08 0)
(0.00131391 -8.98446e-08 0)
(0.00131396 -9.63784e-08 0)
(0.00131401 -8.06742e-08 0)
(0.00131406 -6.24656e-08 0)
(0.0013141 -6.61107e-08 0)
(0.00131411 -8.77202e-08 0)
(0.00131411 -1.17865e-07 0)
(0.00131408 -1.45168e-07 0)
(0.00131405 -1.65827e-07 0)
(0.00131402 -1.83573e-07 0)
(0.00131398 -2.16333e-07 0)
(0.00131394 -2.543e-07 0)
(0.00131391 -2.95237e-07 0)
(0.00131384 -3.43025e-07 0)
(0.00131378 -3.77267e-07 0)
(0.00131371 -3.86873e-07 0)
(0.00131364 -3.9545e-07 0)
(0.00131357 -3.97454e-07 0)
(0.00131351 -3.87993e-07 0)
(0.00131345 -3.86267e-07 0)
(0.00131339 -3.77168e-07 0)
(0.00131333 -3.64721e-07 0)
(0.00131328 -3.47762e-07 0)
(0.00131323 -3.20889e-07 0)
(0.00131319 -3.05527e-07 0)
(0.00131315 -2.82892e-07 0)
(0.00131311 -2.60097e-07 0)
(0.00131308 -2.51964e-07 0)
(0.00131303 -2.47274e-07 0)
(0.001313 -2.37049e-07 0)
(0.00131296 -2.30188e-07 0)
(0.00131294 -2.15094e-07 0)
(0.00131291 -1.95711e-07 0)
(0.00131292 -1.82361e-07 0)
(0.00131291 -1.69451e-07 0)
(0.00131288 -1.60346e-07 0)
(0.00131288 -1.51156e-07 0)
(0.00131287 -1.44131e-07 0)
(0.00131285 -1.36003e-07 0)
(0.00131285 -1.26547e-07 0)
(0.00131283 -1.19826e-07 0)
(0.00131281 -1.22158e-07 0)
(0.00131282 -1.2502e-07 0)
(0.00131281 -1.29919e-07 0)
(0.00131282 -1.39347e-07 0)
(0.00131279 -1.64705e-07 0)
(0.00131279 -1.75575e-07 0)
(0.00100015 -1.27066e-05 0)
(0.00101018 -3.63664e-05 0)
(0.00102814 -5.47635e-05 0)
(0.00105015 -6.75737e-05 0)
(0.00107374 -7.56504e-05 0)
(0.00109731 -7.98685e-05 0)
(0.00111967 -8.10841e-05 0)
(0.00114022 -8.02371e-05 0)
(0.00115772 -7.73939e-05 0)
(0.00117255 -7.3429e-05 0)
(0.00118475 -6.88884e-05 0)
(0.00119487 -6.39724e-05 0)
(0.00120327 -5.92769e-05 0)
(0.00121012 -5.48114e-05 0)
(0.00121562 -5.07345e-05 0)
(0.00121995 -4.69748e-05 0)
(0.00122329 -4.34984e-05 0)
(0.0012258 -4.03073e-05 0)
(0.00122764 -3.73899e-05 0)
(0.00122891 -3.47337e-05 0)
(0.00122971 -3.23241e-05 0)
(0.00123014 -3.01415e-05 0)
(0.00123026 -2.81634e-05 0)
(0.00123014 -2.63683e-05 0)
(0.00122982 -2.47363e-05 0)
(0.00122935 -2.32492e-05 0)
(0.00122876 -2.18909e-05 0)
(0.00122807 -2.06469e-05 0)
(0.00122731 -1.95045e-05 0)
(0.0012265 -1.84525e-05 0)
(0.00122565 -1.74812e-05 0)
(0.00122478 -1.6582e-05 0)
(0.00122389 -1.57475e-05 0)
(0.00122299 -1.4971e-05 0)
(0.0012221 -1.42469e-05 0)
(0.0012212 -1.35703e-05 0)
(0.00122032 -1.29366e-05 0)
(0.00121945 -1.23421e-05 0)
(0.00121859 -1.17833e-05 0)
(0.00121775 -1.12571e-05 0)
(0.00121693 -1.0761e-05 0)
(0.00121614 -1.02925e-05 0)
(0.00121536 -9.84946e-06 0)
(0.0012146 -9.43e-06 0)
(0.00121387 -9.03239e-06 0)
(0.00121315 -8.65507e-06 0)
(0.00121246 -8.29664e-06 0)
(0.00121179 -7.95581e-06 0)
(0.00121115 -7.63142e-06 0)
(0.00121052 -7.32242e-06 0)
(0.00120992 -7.02782e-06 0)
(0.00120934 -6.74672e-06 0)
(0.00120878 -6.47829e-06 0)
(0.00120824 -6.22176e-06 0)
(0.00120772 -5.97638e-06 0)
(0.00120721 -5.74147e-06 0)
(0.00120673 -5.51634e-06 0)
(0.00120627 -5.30033e-06 0)
(0.00120582 -5.09278e-06 0)
(0.00120539 -4.89301e-06 0)
(0.00120498 -4.70031e-06 0)
(0.00120459 -4.51393e-06 0)
(0.00120421 -4.33309e-06 0)
(0.00120385 -4.15697e-06 0)
(0.00120351 -3.98472e-06 0)
(0.00120319 -3.81546e-06 0)
(0.00120289 -3.64836e-06 0)
(0.0012026 -3.4826e-06 0)
(0.00120233 -3.31748e-06 0)
(0.00120209 -3.15241e-06 0)
(0.00120186 -2.987e-06 0)
(0.00120165 -2.82108e-06 0)
(0.00120146 -2.65471e-06 0)
(0.00120129 -2.48825e-06 0)
(0.00120113 -2.32232e-06 0)
(0.001201 -2.15781e-06 0)
(0.00120088 -1.99581e-06 0)
(0.00120078 -1.83761e-06 0)
(0.00120069 -1.68459e-06 0)
(0.00120062 -1.53818e-06 0)
(0.00120056 -1.39977e-06 0)
(0.00120051 -1.27061e-06 0)
(0.00120046 -1.1518e-06 0)
(0.00120042 -1.04418e-06 0)
(0.00120039 -9.48338e-07 0)
(0.00120036 -8.6456e-07 0)
(0.00120033 -7.92852e-07 0)
(0.0012003 -7.32934e-07 0)
(0.00120027 -6.84261e-07 0)
(0.00120023 -6.46071e-07 0)
(0.0012002 -6.17415e-07 0)
(0.00120016 -5.97225e-07 0)
(0.00120012 -5.84353e-07 0)
(0.00120007 -5.77637e-07 0)
(0.00120002 -5.7593e-07 0)
(0.00119997 -5.78138e-07 0)
(0.00119991 -5.8322e-07 0)
(0.00119985 -5.90208e-07 0)
(0.00119978 -5.98203e-07 0)
(0.00119972 -6.06427e-07 0)
(0.00119965 -6.14225e-07 0)
(0.00119958 -6.21099e-07 0)
(0.00119951 -6.26673e-07 0)
(0.00119943 -6.30674e-07 0)
(0.00119936 -6.32896e-07 0)
(0.00119929 -6.33216e-07 0)
(0.00119921 -6.31591e-07 0)
(0.00119914 -6.28073e-07 0)
(0.00119907 -6.22789e-07 0)
(0.001199 -6.15927e-07 0)
(0.00119893 -6.07702e-07 0)
(0.00119886 -5.98342e-07 0)
(0.00119879 -5.88074e-07 0)
(0.00119873 -5.77137e-07 0)
(0.00119867 -5.65753e-07 0)
(0.0011986 -5.54118e-07 0)
(0.00119854 -5.42375e-07 0)
(0.00119848 -5.30639e-07 0)
(0.00119843 -5.19001e-07 0)
(0.00119837 -5.07532e-07 0)
(0.00119832 -4.96252e-07 0)
(0.00119827 -4.8514e-07 0)
(0.00119822 -4.74185e-07 0)
(0.00119817 -4.63385e-07 0)
(0.00119812 -4.52731e-07 0)
(0.00119808 -4.42168e-07 0)
(0.00119804 -4.31639e-07 0)
(0.001198 -4.21112e-07 0)
(0.00119796 -4.10611e-07 0)
(0.00119793 -4.00204e-07 0)
(0.0011979 -3.89898e-07 0)
(0.00119787 -3.79666e-07 0)
(0.00119784 -3.69378e-07 0)
(0.00119782 -3.58923e-07 0)
(0.0011978 -3.48159e-07 0)
(0.00119779 -3.37091e-07 0)
(0.00119778 -3.25717e-07 0)
(0.00119777 -3.14162e-07 0)
(0.00119777 -3.02442e-07 0)
(0.00119777 -2.90866e-07 0)
(0.00119777 -2.79184e-07 0)
(0.00119779 -2.68209e-07 0)
(0.00119776 -2.52841e-07 0)
(0.00119778 -2.43402e-07 0)
(0.00119777 -2.31014e-07 0)
(0.00119781 -2.24048e-07 0)
(0.00119784 -2.17424e-07 0)
(0.00119787 -2.12374e-07 0)
(0.00119792 -2.01514e-07 0)
(0.00119789 -1.79431e-07 0)
(0.0011979 -1.64543e-07 0)
(0.00119794 -1.54263e-07 0)
(0.00119796 -1.46701e-07 0)
(0.00119802 -1.34909e-07 0)
(0.00119801 -1.3342e-07 0)
(0.00119804 -1.21487e-07 0)
(0.00119804 -1.06628e-07 0)
(0.00119805 -9.56439e-08 0)
(0.00119809 -9.32615e-08 0)
(0.00119805 -1.06846e-07 0)
(0.00119804 -1.18235e-07 0)
(0.00119803 -1.26422e-07 0)
(0.00119804 -1.39011e-07 0)
(0.00119801 -1.62637e-07 0)
(0.00119796 -1.961e-07 0)
(0.00119791 -2.32346e-07 0)
(0.00119785 -2.67989e-07 0)
(0.00119777 -2.95194e-07 0)
(0.00119768 -3.08759e-07 0)
(0.0011976 -3.17232e-07 0)
(0.00119752 -3.21052e-07 0)
(0.00119744 -3.17518e-07 0)
(0.00119736 -3.13965e-07 0)
(0.00119729 -3.07114e-07 0)
(0.00119722 -2.96978e-07 0)
(0.00119715 -2.84806e-07 0)
(0.00119708 -2.69861e-07 0)
(0.00119702 -2.58468e-07 0)
(0.00119697 -2.41105e-07 0)
(0.00119693 -2.22357e-07 0)
(0.00119688 -2.08807e-07 0)
(0.00119683 -1.99866e-07 0)
(0.00119678 -1.927e-07 0)
(0.00119673 -1.91858e-07 0)
(0.00119669 -1.87093e-07 0)
(0.00119665 -1.73043e-07 0)
(0.00119662 -1.62246e-07 0)
(0.0011966 -1.50299e-07 0)
(0.00119657 -1.37108e-07 0)
(0.00119654 -1.3017e-07 0)
(0.00119652 -1.23804e-07 0)
(0.00119649 -1.18198e-07 0)
(0.00119647 -1.11151e-07 0)
(0.00119645 -1.02768e-07 0)
(0.00119643 -1.02934e-07 0)
(0.00119641 -1.08292e-07 0)
(0.00119639 -1.16858e-07 0)
(0.00119636 -1.22529e-07 0)
(0.00119634 -1.45533e-07 0)
(0.00119627 -1.51303e-07 0)
(0.00100013 -1.9186e-05 0)
(0.00101649 -5.34643e-05 0)
(0.00104313 -7.74709e-05 0)
(0.00107229 -9.27524e-05 0)
(0.00110107 -0.000102084 0)
(0.00112583 -0.000104862 0)
(0.00114591 -0.000103101 0)
(0.00116092 -9.77679e-05 0)
(0.00117213 -9.12768e-05 0)
(0.0011798 -8.42603e-05 0)
(0.00118454 -7.71365e-05 0)
(0.00118673 -7.0459e-05 0)
(0.00118703 -6.4106e-05 0)
(0.00118585 -5.82013e-05 0)
(0.00118359 -5.27975e-05 0)
(0.00118054 -4.79149e-05 0)
(0.00117694 -4.35506e-05 0)
(0.00117298 -3.96722e-05 0)
(0.00116881 -3.62395e-05 0)
(0.00116453 -3.32038e-05 0)
(0.00116022 -3.05169e-05 0)
(0.00115595 -2.81355e-05 0)
(0.00115174 -2.60204e-05 0)
(0.00114763 -2.41368e-05 0)
(0.00114364 -2.24542e-05 0)
(0.00113977 -2.0946e-05 0)
(0.00113604 -1.95895e-05 0)
(0.00113245 -1.83647e-05 0)
(0.001129 -1.72547e-05 0)
(0.00112568 -1.62451e-05 0)
(0.0011225 -1.53234e-05 0)
(0.00111945 -1.44789e-05 0)
(0.00111652 -1.37026e-05 0)
(0.00111371 -1.29866e-05 0)
(0.00111102 -1.23242e-05 0)
(0.00110844 -1.17098e-05 0)
(0.00110597 -1.11382e-05 0)
(0.0011036 -1.06052e-05 0)
(0.00110133 -1.0107e-05 0)
(0.00109915 -9.6404e-06 0)
(0.00109706 -9.20244e-06 0)
(0.00109506 -8.79063e-06 0)
(0.00109313 -8.40274e-06 0)
(0.00109129 -8.0368e-06 0)
(0.00108952 -7.69106e-06 0)
(0.00108782 -7.36395e-06 0)
(0.00108619 -7.05407e-06 0)
(0.00108462 -6.76016e-06 0)
(0.00108312 -6.48109e-06 0)
(0.00108168 -6.21581e-06 0)
(0.00108029 -5.9634e-06 0)
(0.00107896 -5.72302e-06 0)
(0.00107768 -5.49386e-06 0)
(0.00107645 -5.27523e-06 0)
(0.00107527 -5.06645e-06 0)
(0.00107414 -4.8669e-06 0)
(0.00107305 -4.67598e-06 0)
(0.001072 -4.49313e-06 0)
(0.001071 -4.31777e-06 0)
(0.00107003 -4.14934e-06 0)
(0.00106911 -3.98726e-06 0)
(0.00106822 -3.83092e-06 0)
(0.00106737 -3.67967e-06 0)
(0.00106655 -3.53284e-06 0)
(0.00106577 -3.38971e-06 0)
(0.00106503 -3.24956e-06 0)
(0.00106432 -3.11162e-06 0)
(0.00106365 -2.9752e-06 0)
(0.00106301 -2.8396e-06 0)
(0.00106241 -2.70426e-06 0)
(0.00106184 -2.56869e-06 0)
(0.00106131 -2.43264e-06 0)
(0.00106081 -2.29599e-06 0)
(0.00106035 -2.1589e-06 0)
(0.00105993 -2.02172e-06 0)
(0.00105953 -1.88505e-06 0)
(0.00105918 -1.74971e-06 0)
(0.00105885 -1.61668e-06 0)
(0.00105856 -1.4871e-06 0)
(0.00105829 -1.36214e-06 0)
(0.00105805 -1.24302e-06 0)
(0.00105784 -1.13085e-06 0)
(0.00105764 -1.02668e-06 0)
(0.00105747 -9.31307e-07 0)
(0.00105731 -8.45424e-07 0)
(0.00105716 -7.69379e-07 0)
(0.00105703 -7.03383e-07 0)
(0.0010569 -6.47281e-07 0)
(0.00105678 -6.00804e-07 0)
(0.00105667 -5.63344e-07 0)
(0.00105656 -5.3426e-07 0)
(0.00105645 -5.12646e-07 0)
(0.00105634 -4.97665e-07 0)
(0.00105622 -4.88296e-07 0)
(0.00105611 -4.83669e-07 0)
(0.00105599 -4.82781e-07 0)
(0.00105587 -4.84811e-07 0)
(0.00105575 -4.88836e-07 0)
(0.00105563 -4.94142e-07 0)
(0.0010555 -4.99965e-07 0)
(0.00105537 -5.05803e-07 0)
(0.00105524 -5.11133e-07 0)
(0.00105511 -5.15668e-07 0)
(0.00105498 -5.19058e-07 0)
(0.00105484 -5.21147e-07 0)
(0.00105471 -5.21721e-07 0)
(0.00105458 -5.20777e-07 0)
(0.00105444 -5.1827e-07 0)
(0.00105431 -5.14345e-07 0)
(0.00105419 -5.09071e-07 0)
(0.00105406 -5.02664e-07 0)
(0.00105393 -4.95237e-07 0)
(0.00105381 -4.87032e-07 0)
(0.00105369 -4.78182e-07 0)
(0.00105357 -4.68931e-07 0)
(0.00105346 -4.59392e-07 0)
(0.00105335 -4.49774e-07 0)
(0.00105324 -4.40162e-07 0)
(0.00105313 -4.3073e-07 0)
(0.00105302 -4.21488e-07 0)
(0.00105292 -4.12498e-07 0)
(0.00105282 -4.03678e-07 0)
(0.00105272 -3.95075e-07 0)
(0.00105263 -3.86631e-07 0)
(0.00105253 -3.78391e-07 0)
(0.00105244 -3.70262e-07 0)
(0.00105236 -3.62271e-07 0)
(0.00105227 -3.54358e-07 0)
(0.00105219 -3.46617e-07 0)
(0.00105211 -3.39067e-07 0)
(0.00105203 -3.31789e-07 0)
(0.00105196 -3.24709e-07 0)
(0.00105189 -3.17765e-07 0)
(0.00105182 -3.10806e-07 0)
(0.00105176 -3.03751e-07 0)
(0.00105169 -2.96468e-07 0)
(0.00105164 -2.88943e-07 0)
(0.00105158 -2.81212e-07 0)
(0.00105153 -2.73287e-07 0)
(0.00105149 -2.65325e-07 0)
(0.00105144 -2.56947e-07 0)
(0.0010514 -2.47661e-07 0)
(0.00105136 -2.37301e-07 0)
(0.00105133 -2.26338e-07 0)
(0.0010513 -2.1703e-07 0)
(0.00105128 -2.11129e-07 0)
(0.00105119 -2.05109e-07 0)
(0.00105119 -1.99004e-07 0)
(0.00105118 -1.91689e-07 0)
(0.00105109 -1.81614e-07 0)
(0.00105111 -1.71377e-07 0)
(0.00105109 -1.5711e-07 0)
(0.00105111 -1.48518e-07 0)
(0.00105104 -1.46331e-07 0)
(0.00105104 -1.32092e-07 0)
(0.00105107 -1.11433e-07 0)
(0.00105107 -9.66514e-08 0)
(0.001051 -9.41112e-08 0)
(0.00105101 -9.00592e-08 0)
(0.00105101 -9.43684e-08 0)
(0.00105101 -1.04922e-07 0)
(0.00105102 -1.1678e-07 0)
(0.00105094 -1.25755e-07 0)
(0.00105093 -1.36933e-07 0)
(0.00105095 -1.55265e-07 0)
(0.00105091 -1.7625e-07 0)
(0.00105084 -1.96558e-07 0)
(0.00105077 -2.14034e-07 0)
(0.00105068 -2.25039e-07 0)
(0.0010506 -2.31671e-07 0)
(0.00105052 -2.3546e-07 0)
(0.00105044 -2.3555e-07 0)
(0.00105036 -2.34358e-07 0)
(0.00105028 -2.30471e-07 0)
(0.0010502 -2.21108e-07 0)
(0.00105012 -2.10385e-07 0)
(0.00105005 -2.02804e-07 0)
(0.00104999 -1.9721e-07 0)
(0.00104993 -1.84751e-07 0)
(0.00104987 -1.68851e-07 0)
(0.00104982 -1.5532e-07 0)
(0.00104977 -1.44918e-07 0)
(0.00104972 -1.39382e-07 0)
(0.00104967 -1.41173e-07 0)
(0.00104962 -1.41423e-07 0)
(0.00104958 -1.34587e-07 0)
(0.00104954 -1.27476e-07 0)
(0.0010495 -1.17642e-07 0)
(0.00104947 -1.06288e-07 0)
(0.00104943 -9.85237e-08 0)
(0.0010494 -9.25558e-08 0)
(0.00104936 -8.95224e-08 0)
(0.00104933 -8.36572e-08 0)
(0.0010493 -7.52471e-08 0)
(0.00104928 -7.45474e-08 0)
(0.00104925 -7.79928e-08 0)
(0.00104922 -8.19993e-08 0)
(0.00104918 -8.37659e-08 0)
(0.00104911 -8.94874e-08 0)
(0.00104903 -9.40574e-08 0)
(0.000999938 -3.08435e-05 0)
(0.00102959 -7.94426e-05 0)
(0.00106865 -0.000109261 0)
(0.00110249 -0.000125145 0)
(0.00112612 -0.000128197 0)
(0.00114285 -0.000124594 0)
(0.00115182 -0.000116646 0)
(0.0011539 -0.000106896 0)
(0.00115066 -9.62513e-05 0)
(0.00114359 -8.56833e-05 0)
(0.00113403 -7.57205e-05 0)
(0.00112301 -6.66526e-05 0)
(0.00111124 -5.8628e-05 0)
(0.00109926 -5.16329e-05 0)
(0.00108743 -4.55963e-05 0)
(0.00107599 -4.04133e-05 0)
(0.00106508 -3.59747e-05 0)
(0.00105475 -3.2176e-05 0)
(0.00104504 -2.89224e-05 0)
(0.00103593 -2.61288e-05 0)
(0.00102741 -2.37216e-05 0)
(0.00101944 -2.16394e-05 0)
(0.00101199 -1.98304e-05 0)
(0.00100502 -1.8251e-05 0)
(0.000998497 -1.68649e-05 0)
(0.000992376 -1.56421e-05 0)
(0.000986628 -1.45575e-05 0)
(0.000981222 -1.35902e-05 0)
(0.00097613 -1.27232e-05 0)
(0.000971326 -1.1942e-05 0)
(0.000966789 -1.12349e-05 0)
(0.000962497 -1.05917e-05 0)
(0.000958432 -1.00044e-05 0)
(0.000954576 -9.46572e-06 0)
(0.000950916 -8.96995e-06 0)
(0.000947436 -8.51205e-06 0)
(0.000944126 -8.08779e-06 0)
(0.000940974 -7.69354e-06 0)
(0.00093797 -7.32619e-06 0)
(0.000935105 -6.98305e-06 0)
(0.00093237 -6.66179e-06 0)
(0.000929758 -6.36039e-06 0)
(0.000927261 -6.07706e-06 0)
(0.000924874 -5.81026e-06 0)
(0.00092259 -5.55859e-06 0)
(0.000920403 -5.32083e-06 0)
(0.000918309 -5.0959e-06 0)
(0.000916303 -4.88281e-06 0)
(0.00091438 -4.68071e-06 0)
(0.000912537 -4.48879e-06 0)
(0.000910769 -4.30636e-06 0)
(0.000909072 -4.13276e-06 0)
(0.000907445 -3.96742e-06 0)
(0.000905883 -3.8098e-06 0)
(0.000904383 -3.65942e-06 0)
(0.000902943 -3.51581e-06 0)
(0.00090156 -3.37855e-06 0)
(0.000900232 -3.24725e-06 0)
(0.000898956 -3.12151e-06 0)
(0.000897731 -3.00094e-06 0)
(0.000896555 -2.88515e-06 0)
(0.000895425 -2.77372e-06 0)
(0.000894341 -2.66622e-06 0)
(0.000893302 -2.56219e-06 0)
(0.000892305 -2.46112e-06 0)
(0.000891352 -2.36249e-06 0)
(0.00089044 -2.26576e-06 0)
(0.000889569 -2.17037e-06 0)
(0.00088874 -2.07579e-06 0)
(0.000887952 -1.98152e-06 0)
(0.000887206 -1.88715e-06 0)
(0.000886501 -1.79236e-06 0)
(0.000885838 -1.69696e-06 0)
(0.000885216 -1.60091e-06 0)
(0.000884636 -1.50435e-06 0)
(0.000884097 -1.4076e-06 0)
(0.000883599 -1.31114e-06 0)
(0.000883141 -1.21562e-06 0)
(0.000882721 -1.12179e-06 0)
(0.000882338 -1.03053e-06 0)
(0.000881989 -9.42699e-07 0)
(0.000881673 -8.59199e-07 0)
(0.000881387 -7.80834e-07 0)
(0.000881128 -7.08345e-07 0)
(0.000880892 -6.42298e-07 0)
(0.000880678 -5.8314e-07 0)
(0.000880482 -5.3109e-07 0)
(0.0008803 -4.86223e-07 0)
(0.000880131 -4.48382e-07 0)
(0.000879971 -4.17291e-07 0)
(0.000879818 -3.92488e-07 0)
(0.00087967 -3.73456e-07 0)
(0.000879525 -3.59558e-07 0)
(0.000879382 -3.50163e-07 0)
(0.00087924 -3.44569e-07 0)
(0.000879096 -3.42117e-07 0)
(0.000878952 -3.4211e-07 0)
(0.000878805 -3.43924e-07 0)
(0.000878657 -3.46938e-07 0)
(0.000878507 -3.50649e-07 0)
(0.000878354 -3.54593e-07 0)
(0.0008782 -3.58431e-07 0)
(0.000878045 -3.61843e-07 0)
(0.000877889 -3.646e-07 0)
(0.000877732 -3.66481e-07 0)
(0.000877575 -3.67365e-07 0)
(0.000877418 -3.67162e-07 0)
(0.000877262 -3.65883e-07 0)
(0.000877108 -3.63548e-07 0)
(0.000876955 -3.60247e-07 0)
(0.000876804 -3.56054e-07 0)
(0.000876656 -3.51097e-07 0)
(0.00087651 -3.45482e-07 0)
(0.000876366 -3.3936e-07 0)
(0.000876226 -3.32855e-07 0)
(0.000876088 -3.26128e-07 0)
(0.000875953 -3.19301e-07 0)
(0.000875822 -3.12523e-07 0)
(0.000875693 -3.0587e-07 0)
(0.000875566 -2.99406e-07 0)
(0.000875443 -2.93111e-07 0)
(0.000875322 -2.86992e-07 0)
(0.000875203 -2.81028e-07 0)
(0.000875088 -2.75236e-07 0)
(0.000874975 -2.69598e-07 0)
(0.000874864 -2.64112e-07 0)
(0.000874756 -2.58743e-07 0)
(0.000874651 -2.535e-07 0)
(0.000874548 -2.48416e-07 0)
(0.000874447 -2.43583e-07 0)
(0.000874349 -2.39037e-07 0)
(0.000874253 -2.3477e-07 0)
(0.00087416 -2.30673e-07 0)
(0.000874069 -2.26666e-07 0)
(0.000873981 -2.22658e-07 0)
(0.000873895 -2.1855e-07 0)
(0.000873813 -2.14224e-07 0)
(0.000873733 -2.09744e-07 0)
(0.000873656 -2.05114e-07 0)
(0.000873582 -2.00281e-07 0)
(0.00087351 -1.95076e-07 0)
(0.000873442 -1.89211e-07 0)
(0.000873378 -1.82686e-07 0)
(0.000873316 -1.75431e-07 0)
(0.000873258 -1.68512e-07 0)
(0.000873204 -1.61747e-07 0)
(0.000873143 -1.54382e-07 0)
(0.000873099 -1.43797e-07 0)
(0.000873047 -1.40312e-07 0)
(0.000872991 -1.4396e-07 0)
(0.00087295 -1.41436e-07 0)
(0.000872911 -1.31143e-07 0)
(0.000872885 -1.2025e-07 0)
(0.000872841 -1.15789e-07 0)
(0.000872813 -9.56422e-08 0)
(0.000872798 -7.6292e-08 0)
(0.000872721 -7.4067e-08 0)
(0.000872681 -7.76025e-08 0)
(0.000872666 -7.63798e-08 0)
(0.000872666 -7.37679e-08 0)
(0.000872685 -8.00063e-08 0)
(0.000872609 -9.24781e-08 0)
(0.000872582 -1.05147e-07 0)
(0.000872581 -1.16671e-07 0)
(0.000872541 -1.22864e-07 0)
(0.000872499 -1.2748e-07 0)
(0.000872445 -1.36874e-07 0)
(0.000872379 -1.4679e-07 0)
(0.000872307 -1.53274e-07 0)
(0.000872232 -1.55842e-07 0)
(0.00087216 -1.55835e-07 0)
(0.000872089 -1.54235e-07 0)
(0.000872018 -1.52008e-07 0)
(0.000871943 -1.4852e-07 0)
(0.00087185 -1.41931e-07 0)
(0.000871722 -1.34892e-07 0)
(0.000871711 -1.30079e-07 0)
(0.000871659 -1.25452e-07 0)
(0.000871584 -1.20001e-07 0)
(0.000871479 -1.1478e-07 0)
(0.000871464 -1.11191e-07 0)
(0.000871377 -1.07487e-07 0)
(0.000871356 -1.04584e-07 0)
(0.000871369 -1.01671e-07 0)
(0.000871327 -9.75443e-08 0)
(0.000871281 -9.09944e-08 0)
(0.000871239 -8.31276e-08 0)
(0.000871199 -7.27648e-08 0)
(0.000871142 -6.20394e-08 0)
(0.000871105 -5.48781e-08 0)
(0.000871077 -5.13091e-08 0)
(0.000871038 -5.05361e-08 0)
(0.000871 -4.82209e-08 0)
(0.000870927 -4.46939e-08 0)
(0.000870917 -4.54342e-08 0)
(0.000870922 -4.74367e-08 0)
(0.000870899 -4.83058e-08 0)
(0.000870823 -4.41774e-08 0)
(0.000870833 -3.7969e-08 0)
(0.000870745 -4.22884e-08 0)
(0.00100229 -5.81979e-05 0)
(0.00105402 -0.000126884 0)
(0.0010916 -0.000146828 0)
(0.00111152 -0.000148713 0)
(0.00111214 -0.000140613 0)
(0.00110467 -0.000129909 0)
(0.00108547 -0.000113154 0)
(0.001061 -9.64296e-05 0)
(0.00103407 -8.11653e-05 0)
(0.00100682 -6.79425e-05 0)
(0.000980598 -5.68318e-05 0)
(0.000956142 -4.7695e-05 0)
(0.000933767 -4.02661e-05 0)
(0.000913529 -3.42499e-05 0)
(0.000895334 -2.93781e-05 0)
(0.000879017 -2.54197e-05 0)
(0.000864381 -2.21871e-05 0)
(0.000851232 -1.95313e-05 0)
(0.000839383 -1.73344e-05 0)
(0.000828668 -1.55033e-05 0)
(0.00081894 -1.39648e-05 0)
(0.000810073 -1.26619e-05 0)
(0.000801955 -1.15497e-05 0)
(0.000794496 -1.05927e-05 0)
(0.000787614 -9.76278e-06 0)
(0.000781243 -9.03766e-06 0)
(0.000775324 -8.39951e-06 0)
(0.000769808 -7.834e-06 0)
(0.000764653 -7.32959e-06 0)
(0.000759823 -6.87692e-06 0)
(0.000755285 -6.46835e-06 0)
(0.000751014 -6.09764e-06 0)
(0.000746985 -5.75965e-06 0)
(0.000743178 -5.4501e-06 0)
(0.000739575 -5.16545e-06 0)
(0.000736159 -4.90272e-06 0)
(0.000732918 -4.65939e-06 0)
(0.000729837 -4.43334e-06 0)
(0.000726906 -4.22275e-06 0)
(0.000724114 -4.02605e-06 0)
(0.000721453 -3.84189e-06 0)
(0.000718914 -3.66911e-06 0)
(0.00071649 -3.50669e-06 0)
(0.000714174 -3.35371e-06 0)
(0.00071196 -3.2094e-06 0)
(0.000709842 -3.07305e-06 0)
(0.000707814 -2.94404e-06 0)
(0.000705872 -2.82181e-06 0)
(0.000704011 -2.70585e-06 0)
(0.000702228 -2.59573e-06 0)
(0.000700518 -2.49104e-06 0)
(0.000698877 -2.3914e-06 0)
(0.000697303 -2.2965e-06 0)
(0.000695792 -2.20603e-06 0)
(0.000694341 -2.11971e-06 0)
(0.000692948 -2.0373e-06 0)
(0.000691609 -1.95856e-06 0)
(0.000690323 -1.88328e-06 0)
(0.000689088 -1.81126e-06 0)
(0.0006879 -1.74227e-06 0)
(0.000686759 -1.67613e-06 0)
(0.000685662 -1.61261e-06 0)
(0.000684608 -1.5515e-06 0)
(0.000683596 -1.49253e-06 0)
(0.000682624 -1.43544e-06 0)
(0.000681692 -1.37993e-06 0)
(0.000680797 -1.3257e-06 0)
(0.000679941 -1.27239e-06 0)
(0.000679123 -1.2197e-06 0)
(0.000678342 -1.16726e-06 0)
(0.000677599 -1.11481e-06 0)
(0.000676893 -1.06206e-06 0)
(0.000676225 -1.00885e-06 0)
(0.000675594 -9.55066e-07 0)
(0.000675003 -9.00704e-07 0)
(0.000674449 -8.45864e-07 0)
(0.000673934 -7.90765e-07 0)
(0.000673456 -7.35729e-07 0)
(0.000673015 -6.81162e-07 0)
(0.00067261 -6.27562e-07 0)
(0.00067224 -5.75443e-07 0)
(0.000671903 -5.25376e-07 0)
(0.000671596 -4.77866e-07 0)
(0.000671318 -4.33444e-07 0)
(0.000671066 -3.92494e-07 0)
(0.000670838 -3.55399e-07 0)
(0.000670629 -3.22331e-07 0)
(0.000670439 -2.9346e-07 0)
(0.000670263 -2.68718e-07 0)
(0.000670099 -2.48059e-07 0)
(0.000669945 -2.31218e-07 0)
(0.000669799 -2.17996e-07 0)
(0.000669658 -2.07996e-07 0)
(0.00066952 -2.00925e-07 0)
(0.000669385 -1.96317e-07 0)
(0.00066925 -1.9383e-07 0)
(0.000669116 -1.92983e-07 0)
(0.000668981 -1.93446e-07 0)
(0.000668844 -1.94786e-07 0)
(0.000668706 -1.96745e-07 0)
(0.000668567 -1.98982e-07 0)
(0.000668425 -2.01323e-07 0)
(0.000668283 -2.03499e-07 0)
(0.000668139 -2.05397e-07 0)
(0.000667995 -2.06812e-07 0)
(0.00066785 -2.07705e-07 0)
(0.000667705 -2.0796e-07 0)
(0.000667561 -2.07617e-07 0)
(0.000667417 -2.06626e-07 0)
(0.000667275 -2.05067e-07 0)
(0.000667135 -2.02925e-07 0)
(0.000666996 -2.00308e-07 0)
(0.000666859 -1.9723e-07 0)
(0.000666725 -1.93826e-07 0)
(0.000666594 -1.90136e-07 0)
(0.000666465 -1.86315e-07 0)
(0.000666338 -1.82408e-07 0)
(0.000666215 -1.78548e-07 0)
(0.000666094 -1.74737e-07 0)
(0.000665975 -1.71049e-07 0)
(0.000665859 -1.67436e-07 0)
(0.000665746 -1.63954e-07 0)
(0.000665635 -1.60556e-07 0)
(0.000665526 -1.57303e-07 0)
(0.000665419 -1.54141e-07 0)
(0.000665315 -1.51104e-07 0)
(0.000665213 -1.48121e-07 0)
(0.000665113 -1.45243e-07 0)
(0.000665014 -1.42475e-07 0)
(0.000664918 -1.39939e-07 0)
(0.000664824 -1.37621e-07 0)
(0.000664732 -1.35534e-07 0)
(0.000664641 -1.3356e-07 0)
(0.000664552 -1.31677e-07 0)
(0.000664465 -1.29815e-07 0)
(0.000664379 -1.27935e-07 0)
(0.000664296 -1.25898e-07 0)
(0.000664214 -1.23814e-07 0)
(0.000664134 -1.21627e-07 0)
(0.000664056 -1.1919e-07 0)
(0.000663981 -1.16528e-07 0)
(0.000663908 -1.13581e-07 0)
(0.000663837 -1.10144e-07 0)
(0.000663768 -1.06125e-07 0)
(0.000663702 -1.02043e-07 0)
(0.000663639 -9.83116e-08 0)
(0.000663579 -9.50339e-08 0)
(0.000663522 -8.97946e-08 0)
(0.000663469 -8.70494e-08 0)
(0.000663416 -8.94382e-08 0)
(0.000663362 -9.07076e-08 0)
(0.000663314 -8.64312e-08 0)
(0.000663272 -7.69394e-08 0)
(0.000663231 -6.82364e-08 0)
(0.000663192 -5.50724e-08 0)
(0.000663142 -4.77907e-08 0)
(0.000663137 -4.6825e-08 0)
(0.000663114 -5.07548e-08 0)
(0.000663052 -5.09002e-08 0)
(0.000663044 -4.70702e-08 0)
(0.00066304 -4.66638e-08 0)
(0.000663007 -5.43222e-08 0)
(0.000662943 -6.26124e-08 0)
(0.000662927 -6.67845e-08 0)
(0.000662855 -7.34699e-08 0)
(0.000662827 -7.83096e-08 0)
(0.000662782 -8.58321e-08 0)
(0.000662726 -9.22997e-08 0)
(0.000662665 -9.4591e-08 0)
(0.000662602 -9.25666e-08 0)
(0.000662541 -8.81496e-08 0)
(0.000662483 -8.26954e-08 0)
(0.000662428 -7.75658e-08 0)
(0.00066237 -7.38762e-08 0)
(0.000662297 -7.36289e-08 0)
(0.000662199 -7.43337e-08 0)
(0.000662187 -6.91806e-08 0)
(0.000662147 -6.1374e-08 0)
(0.000662099 -6.02578e-08 0)
(0.000662046 -6.48103e-08 0)
(0.000662001 -6.97439e-08 0)
(0.000661947 -7.4531e-08 0)
(0.000661908 -7.39333e-08 0)
(0.000661871 -6.52749e-08 0)
(0.000661833 -5.62956e-08 0)
(0.000661796 -4.9399e-08 0)
(0.00066176 -4.14254e-08 0)
(0.000661723 -3.33254e-08 0)
(0.000661669 -2.45928e-08 0)
(0.000661661 -1.89128e-08 0)
(0.000661668 -1.53558e-08 0)
(0.000661644 -1.38801e-08 0)
(0.000661585 -1.9062e-08 0)
(0.000661563 -2.40931e-08 0)
(0.000661561 -2.58241e-08 0)
(0.000661568 -2.4186e-08 0)
(0.000661541 -2.16611e-08 0)
(0.000661498 -1.71588e-08 0)
(0.000661477 -9.65037e-09 0)
(0.000661435 -1.41374e-08 0)
(0.00100693 -9.96341e-05 0)
(0.00105651 -0.000169966 0)
(0.00104725 -0.000170199 0)
(0.00101298 -0.000155766 0)
(0.000954888 -0.000127461 0)
(0.000898075 -9.97769e-05 0)
(0.000842674 -7.54963e-05 0)
(0.000792372 -5.64017e-05 0)
(0.0007487 -4.22372e-05 0)
(0.000711636 -3.20498e-05 0)
(0.000680492 -2.48006e-05 0)
(0.000654385 -1.96277e-05 0)
(0.000632438 -1.58859e-05 0)
(0.00061387 -1.31247e-05 0)
(0.000598033 -1.10427e-05 0)
(0.000584403 -9.43888e-06 0)
(0.000572566 -8.17947e-06 0)
(0.000562193 -7.1737e-06 0)
(0.000553026 -6.35859e-06 0)
(0.00054486 -5.68909e-06 0)
(0.000537531 -5.13231e-06 0)
(0.000530908 -4.66401e-06 0)
(0.000524886 -4.26597e-06 0)
(0.000519378 -3.92425e-06 0)
(0.000514316 -3.62812e-06 0)
(0.000509641 -3.36923e-06 0)
(0.000505305 -3.14101e-06 0)
(0.00050127 -2.93827e-06 0)
(0.000497501 -2.75688e-06 0)
(0.000493971 -2.59354e-06 0)
(0.000490655 -2.44555e-06 0)
(0.000487533 -2.31077e-06 0)
(0.000484588 -2.1874e-06 0)
(0.000481805 -2.07398e-06 0)
(0.000479169 -1.9693e-06 0)
(0.000476669 -1.87234e-06 0)
(0.000474296 -1.78224e-06 0)
(0.000472039 -1.69827e-06 0)
(0.000469891 -1.61981e-06 0)
(0.000467844 -1.54633e-06 0)
(0.000465892 -1.47736e-06 0)
(0.000464029 -1.4125e-06 0)
(0.000462249 -1.35139e-06 0)
(0.000460547 -1.29372e-06 0)
(0.00045892 -1.23921e-06 0)
(0.000457362 -1.18763e-06 0)
(0.00045587 -1.13874e-06 0)
(0.00045444 -1.09234e-06 0)
(0.000453069 -1.04827e-06 0)
(0.000451755 -1.00636e-06 0)
(0.000450494 -9.66468e-07 0)
(0.000449284 -9.28461e-07 0)
(0.000448122 -8.92222e-07 0)
(0.000447006 -8.57644e-07 0)
(0.000445934 -8.24631e-07 0)
(0.000444904 -7.93095e-07 0)
(0.000443914 -7.62955e-07 0)
(0.000442962 -7.34141e-07 0)
(0.000442046 -7.06577e-07 0)
(0.000441166 -6.80205e-07 0)
(0.000440319 -6.5495e-07 0)
(0.000439504 -6.30751e-07 0)
(0.000438721 -6.07524e-07 0)
(0.000437967 -5.85193e-07 0)
(0.000437241 -5.63654e-07 0)
(0.000436544 -5.42807e-07 0)
(0.000435874 -5.22522e-07 0)
(0.000435231 -5.02678e-07 0)
(0.000434614 -4.8312e-07 0)
(0.000434023 -4.63716e-07 0)
(0.000433458 -4.44312e-07 0)
(0.000432919 -4.24788e-07 0)
(0.000432406 -4.05023e-07 0)
(0.000431921 -3.84945e-07 0)
(0.000431462 -3.64506e-07 0)
(0.00043103 -3.43713e-07 0)
(0.000430626 -3.22617e-07 0)
(0.000430249 -3.01315e-07 0)
(0.0004299 -2.7996e-07 0)
(0.000429577 -2.58727e-07 0)
(0.000429281 -2.37843e-07 0)
(0.00042901 -2.17523e-07 0)
(0.000428764 -1.98027e-07 0)
(0.00042854 -1.79558e-07 0)
(0.000428338 -1.62349e-07 0)
(0.000428154 -1.46544e-07 0)
(0.000427988 -1.32301e-07 0)
(0.000427838 -1.19668e-07 0)
(0.0004277 -1.08713e-07 0)
(0.000427574 -9.93928e-08 0)
(0.000427456 -9.16942e-08 0)
(0.000427346 -8.55001e-08 0)
(0.000427241 -8.07342e-08 0)
(0.00042714 -7.72217e-08 0)
(0.000427042 -7.48395e-08 0)
(0.000426946 -7.33818e-08 0)
(0.00042685 -7.27114e-08 0)
(0.000426754 -7.26292e-08 0)
(0.000426658 -7.30183e-08 0)
(0.000426561 -7.3711e-08 0)
(0.000426462 -7.46202e-08 0)
(0.000426363 -7.56057e-08 0)
(0.000426262 -7.6601e-08 0)
(0.00042616 -7.74908e-08 0)
(0.000426057 -7.82383e-08 0)
(0.000425954 -7.87674e-08 0)
(0.000425851 -7.90794e-08 0)
(0.000425747 -7.91302e-08 0)
(0.000425644 -7.8942e-08 0)
(0.000425542 -7.84867e-08 0)
(0.000425441 -7.78004e-08 0)
(0.00042534 -7.68725e-08 0)
(0.000425242 -7.57592e-08 0)
(0.000425145 -7.44714e-08 0)
(0.000425049 -7.30827e-08 0)
(0.000424956 -7.16122e-08 0)
(0.000424864 -7.01274e-08 0)
(0.000424775 -6.86298e-08 0)
(0.000424687 -6.71633e-08 0)
(0.000424601 -6.57103e-08 0)
(0.000424517 -6.43056e-08 0)
(0.000424435 -6.29325e-08 0)
(0.000424354 -6.16286e-08 0)
(0.000424275 -6.03711e-08 0)
(0.000424198 -5.91804e-08 0)
(0.000424122 -5.80155e-08 0)
(0.000424048 -5.68921e-08 0)
(0.000423975 -5.57992e-08 0)
(0.000423904 -5.48063e-08 0)
(0.000423833 -5.39247e-08 0)
(0.000423765 -5.31754e-08 0)
(0.000423697 -5.25012e-08 0)
(0.00042363 -5.18839e-08 0)
(0.000423564 -5.12904e-08 0)
(0.000423499 -5.07367e-08 0)
(0.000423435 -5.01426e-08 0)
(0.000423372 -4.9502e-08 0)
(0.00042331 -4.8853e-08 0)
(0.000423249 -4.81765e-08 0)
(0.00042319 -4.73888e-08 0)
(0.000423131 -4.65356e-08 0)
(0.000423074 -4.55743e-08 0)
(0.000423018 -4.44526e-08 0)
(0.000422964 -4.33081e-08 0)
(0.000422911 -4.22113e-08 0)
(0.00042286 -4.13203e-08 0)
(0.000422812 -4.07877e-08 0)
(0.000422765 -3.94272e-08 0)
(0.000422722 -3.82695e-08 0)
(0.000422679 -3.88369e-08 0)
(0.000422636 -3.82107e-08 0)
(0.000422598 -3.39844e-08 0)
(0.000422563 -3.02851e-08 0)
(0.000422528 -2.81633e-08 0)
(0.000422493 -2.48402e-08 0)
(0.000422459 -2.40868e-08 0)
(0.00042244 -2.36373e-08 0)
(0.000422417 -2.23999e-08 0)
(0.00042239 -2.07131e-08 0)
(0.000422375 -2.07224e-08 0)
(0.000422357 -1.99309e-08 0)
(0.00042233 -2.06616e-08 0)
(0.000422297 -2.332e-08 0)
(0.000422269 -2.59353e-08 0)
(0.00042223 -2.92641e-08 0)
(0.000422195 -3.39899e-08 0)
(0.000422154 -3.88699e-08 0)
(0.000422108 -4.16735e-08 0)
(0.000422061 -4.09994e-08 0)
(0.000422014 -3.77844e-08 0)
(0.000421969 -3.38891e-08 0)
(0.000421928 -2.95422e-08 0)
(0.000421892 -2.54386e-08 0)
(0.000421857 -2.3152e-08 0)
(0.000421814 -2.59492e-08 0)
(0.000421767 -3.01403e-08 0)
(0.000421737 -2.76023e-08 0)
(0.000421707 -2.12494e-08 0)
(0.000421678 -1.92526e-08 0)
(0.000421647 -2.1939e-08 0)
(0.000421612 -2.61392e-08 0)
(0.000421573 -3.09338e-08 0)
(0.000421535 -3.23683e-08 0)
(0.000421502 -2.83903e-08 0)
(0.000421473 -2.37848e-08 0)
(0.000421448 -1.98899e-08 0)
(0.000421427 -1.50921e-08 0)
(0.000421406 -1.20435e-08 0)
(0.000421385 -1.02131e-08 0)
(0.000421377 -6.99553e-09 0)
(0.000421376 -1.13874e-09 0)
(0.000421372 2.32235e-09 0)
(0.000421355 -2.03861e-09 0)
(0.000421343 -1.0179e-08 0)
(0.000421331 -1.12775e-08 0)
(0.000421326 -7.21395e-09 0)
(0.000421311 -2.47593e-09 0)
(0.000421296 -2.21421e-10 0)
(0.000421296 9.24334e-10 0)
(0.00042129 -3.08337e-09 0)
(0.000876901 -5.933e-05 0)
(0.000797325 -8.12035e-05 0)
(0.000669985 -6.34401e-05 0)
(0.000546137 -4.17251e-05 0)
(0.000453598 -2.48149e-05 0)
(0.000388435 -1.46067e-05 0)
(0.000341212 -8.25953e-06 0)
(0.000307062 -4.59792e-06 0)
(0.000282392 -2.63531e-06 0)
(0.000264225 -1.61657e-06 0)
(0.000250453 -1.08767e-06 0)
(0.000239704 -8.06568e-07 0)
(0.000231085 -6.47817e-07 0)
(0.000224008 -5.4902e-07 0)
(0.000218081 -4.80864e-07 0)
(0.000213034 -4.29664e-07 0)
(0.000208675 -3.89024e-07 0)
(0.000204865 -3.55731e-07 0)
(0.000201497 -3.27932e-07 0)
(0.000198493 -3.04355e-07 0)
(0.000195789 -2.84071e-07 0)
(0.000193336 -2.66405e-07 0)
(0.000191098 -2.50837e-07 0)
(0.000189042 -2.36955e-07 0)
(0.000187144 -2.24443e-07 0)
(0.000185383 -2.13055e-07 0)
(0.000183742 -2.02604e-07 0)
(0.000182209 -1.92946e-07 0)
(0.000180772 -1.83968e-07 0)
(0.00017942 -1.75584e-07 0)
(0.000178146 -1.67726e-07 0)
(0.000176943 -1.60339e-07 0)
(0.000175804 -1.53379e-07 0)
(0.000174724 -1.46808e-07 0)
(0.0001737 -1.40595e-07 0)
(0.000172725 -1.34713e-07 0)
(0.000171798 -1.29138e-07 0)
(0.000170915 -1.23848e-07 0)
(0.000170073 -1.18825e-07 0)
(0.000169269 -1.1405e-07 0)
(0.000168501 -1.09509e-07 0)
(0.000167766 -1.05187e-07 0)
(0.000167064 -1.0107e-07 0)
(0.000166391 -9.71462e-08 0)
(0.000165747 -9.3403e-08 0)
(0.00016513 -8.98301e-08 0)
(0.000164538 -8.64176e-08 0)
(0.00016397 -8.31561e-08 0)
(0.000163425 -8.00371e-08 0)
(0.000162902 -7.70529e-08 0)
(0.0001624 -7.41958e-08 0)
(0.000161918 -7.14598e-08 0)
(0.000161454 -6.88383e-08 0)
(0.000161008 -6.63271e-08 0)
(0.00016058 -6.392e-08 0)
(0.000160167 -6.16149e-08 0)
(0.000159771 -5.94058e-08 0)
(0.000159389 -5.72929e-08 0)
(0.000159022 -5.52704e-08 0)
(0.000158668 -5.3341e-08 0)
(0.000158328 -5.14979e-08 0)
(0.000158 -4.97457e-08 0)
(0.000157684 -4.80754e-08 0)
(0.00015738 -4.64917e-08 0)
(0.000157086 -4.49821e-08 0)
(0.000156804 -4.35502e-08 0)
(0.000156532 -4.21784e-08 0)
(0.00015627 -4.08668e-08 0)
(0.000156018 -3.95924e-08 0)
(0.000155776 -3.835e-08 0)
(0.000155543 -3.71129e-08 0)
(0.000155321 -3.58715e-08 0)
(0.000155109 -3.45997e-08 0)
(0.000154907 -3.32863e-08 0)
(0.000154716 -3.19124e-08 0)
(0.000154535 -3.04692e-08 0)
(0.000154365 -2.89513e-08 0)
(0.000154206 -2.73554e-08 0)
(0.000154058 -2.5693e-08 0)
(0.000153922 -2.39674e-08 0)
(0.000153796 -2.22075e-08 0)
(0.000153681 -2.04215e-08 0)
(0.000153576 -1.8652e-08 0)
(0.000153481 -1.69071e-08 0)
(0.000153395 -1.52355e-08 0)
(0.000153318 -1.36376e-08 0)
(0.000153248 -1.21601e-08 0)
(0.000153186 -1.07921e-08 0)
(0.000153129 -9.57557e-09 0)
(0.000153077 -8.49028e-09 0)
(0.000153029 -7.57289e-09 0)
(0.000152985 -6.79393e-09 0)
(0.000152943 -6.18082e-09 0)
(0.000152903 -5.6926e-09 0)
(0.000152865 -5.34647e-09 0)
(0.000152827 -5.09452e-09 0)
(0.00015279 -4.95041e-09 0)
(0.000152753 -4.86826e-09 0)
(0.000152716 -4.86447e-09 0)
(0.000152678 -4.89766e-09 0)
(0.00015264 -4.98442e-09 0)
(0.000152601 -5.08354e-09 0)
(0.000152562 -5.20936e-09 0)
(0.000152522 -5.32294e-09 0)
(0.000152482 -5.44231e-09 0)
(0.000152441 -5.53587e-09 0)
(0.0001524 -5.62605e-09 0)
(0.00015236 -5.68424e-09 0)
(0.000152319 -5.73209e-09 0)
(0.000152278 -5.74123e-09 0)
(0.000152238 -5.73429e-09 0)
(0.000152198 -5.68702e-09 0)
(0.000152159 -5.62708e-09 0)
(0.000152121 -5.53603e-09 0)
(0.000152083 -5.44486e-09 0)
(0.000152046 -5.33526e-09 0)
(0.000152009 -5.23415e-09 0)
(0.000151974 -5.11817e-09 0)
(0.000151939 -5.01027e-09 0)
(0.000151905 -4.88741e-09 0)
(0.000151872 -4.77602e-09 0)
(0.000151839 -4.65773e-09 0)
(0.000151807 -4.55952e-09 0)
(0.000151776 -4.45844e-09 0)
(0.000151745 -4.37371e-09 0)
(0.000151715 -4.27762e-09 0)
(0.000151686 -4.19148e-09 0)
(0.000151657 -4.10237e-09 0)
(0.000151628 -4.04616e-09 0)
(0.0001516 -4.00619e-09 0)
(0.000151573 -3.99375e-09 0)
(0.000151546 -3.97475e-09 0)
(0.000151519 -3.95979e-09 0)
(0.000151492 -3.93518e-09 0)
(0.000151466 -3.91498e-09 0)
(0.00015144 -3.86857e-09 0)
(0.000151414 -3.82811e-09 0)
(0.000151389 -3.79859e-09 0)
(0.000151363 -3.77553e-09 0)
(0.000151339 -3.72342e-09 0)
(0.000151314 -3.66712e-09 0)
(0.00015129 -3.60351e-09 0)
(0.000151267 -3.55586e-09 0)
(0.000151244 -3.59639e-09 0)
(0.000151221 -3.73802e-09 0)
(0.000151199 -4.00976e-09 0)
(0.000151178 -4.38969e-09 0)
(0.000151158 -4.54793e-09 0)
(0.00015114 -4.59546e-09 0)
(0.000151122 -4.64063e-09 0)
(0.000151104 -3.95301e-09 0)
(0.000151087 -2.55471e-09 0)
(0.00015107 -2.18952e-09 0)
(0.000151052 -2.84213e-09 0)
(0.000151035 -3.43572e-09 0)
(0.000151021 -3.72311e-09 0)
(0.000151009 -3.00579e-09 0)
(0.000151 -2.16354e-09 0)
(0.000150991 -1.58693e-09 0)
(0.000150983 -1.62467e-09 0)
(0.000150972 -1.52894e-09 0)
(0.00015096 -1.46235e-09 0)
(0.000150948 -1.72894e-09 0)
(0.000150934 -2.24923e-09 0)
(0.000150919 -3.03346e-09 0)
(0.000150903 -4.06722e-09 0)
(0.000150884 -5.03778e-09 0)
(0.000150864 -5.17131e-09 0)
(0.000150842 -4.33327e-09 0)
(0.000150822 -3.15676e-09 0)
(0.000150804 -2.22905e-09 0)
(0.000150788 -1.19324e-09 0)
(0.000150776 -1.09817e-10 0)
(0.000150763 5.17077e-11 0)
(0.000150748 -1.63944e-09 0)
(0.000150733 -3.16861e-09 0)
(0.00015072 -2.41693e-09 0)
(0.000150709 -6.71225e-10 0)
(0.000150699 1.28202e-10 0)
(0.000150687 -3.7143e-10 0)
(0.000150672 -1.78617e-09 0)
(0.000150655 -3.62544e-09 0)
(0.000150638 -4.42885e-09 0)
(0.000150624 -3.86026e-09 0)
(0.000150612 -3.15789e-09 0)
(0.000150602 -2.30938e-09 0)
(0.000150595 -1.2544e-09 0)
(0.000150588 -1.1651e-09 0)
(0.000150582 -1.47186e-09 0)
(0.000150577 -1.04053e-09 0)
(0.000150575 8.24176e-10 0)
(0.000150577 2.73936e-09 0)
(0.000150577 1.31988e-09 0)
(0.000150576 -9.80877e-10 0)
(0.000150573 -1.30677e-09 0)
(0.000150568 -4.00727e-10 0)
(0.000150562 9.97224e-10 0)
(0.000150562 1.30302e-09 0)
(0.000150565 9.74091e-10 0)
(0.000150566 -4.67586e-10 0)
)
;

boundaryField
{
    inlet
    {
        type            fixedValue;
        value           uniform (0.001 0 0);
    }
    outlet
    {
        type            zeroGradient;
    }
    walls
    {
        type            noSlip;
    }
    frontAndBack
    {
        type            empty;
    }
}


// ************************************************************************* //
